Policy Name,Compartment ID,Statement,Lifecycle State,Time Created
AgentConfigPolicy_undefined_2024-10-24T08.11.34.991Z,ocid1.tenancy.oc1..aaaaaaaafvbrqwizb2l62d7o46h622ibhfp2at56cfjxak7x3jqgh42ligrq,allow dynamic-group dyn_mtorne_secrets to use log-content in tenancy,ACTIVE,2024-10-24T08:13:06.004000+00:00
AllowMoveData,ocid1.tenancy.oc1..aaaaaaaafvbrqwizb2l62d7o46h622ibhfp2at56cfjxak7x3jqgh42ligrq,Define tenancy OldTenancy as ocid1.tenancy.oc1..aaaaaaaab5ylkao2ml53cunshbghogaigcfz6kn6yv6nkn4ximacrnaw4rvq,ACTIVE,2024-02-09T11:57:22.064000+00:00
AllowMoveData,ocid1.tenancy.oc1..aaaaaaaafvbrqwizb2l62d7o46h622ibhfp2at56cfjxak7x3jqgh42ligrq,Endorse group MigrateDataTenancies to read boot-volume-backups in tenancy OldTenancy,ACTIVE,2024-02-09T11:57:22.064000+00:00
AllowMoveData,ocid1.tenancy.oc1..aaaaaaaafvbrqwizb2l62d7o46h622ibhfp2at56cfjxak7x3jqgh42ligrq,Endorse group MigrateDataTenancies to read volume-backups in tenancy OldTenancy,ACTIVE,2024-02-09T11:57:22.064000+00:00
AllowMoveData,ocid1.tenancy.oc1..aaaaaaaafvbrqwizb2l62d7o46h622ibhfp2at56cfjxak7x3jqgh42ligrq,Endorse group MigrateDataTenancies to inspect volumes in tenancy OldTenancy,ACTIVE,2024-02-09T11:57:22.064000+00:00
AllowMoveData,ocid1.tenancy.oc1..aaaaaaaafvbrqwizb2l62d7o46h622ibhfp2at56cfjxak7x3jqgh42ligrq,"Endorse group MigrateDataTenancies to use volumes in tenancy OldTenancy where ANY { request.operation = 'CreateVolume', request.operation='GetVolume', request.operation='CreateBootVolume', request.operation='GetBootVolume' }",ACTIVE,2024-02-09T11:57:22.064000+00:00
ansible_demo_policy,ocid1.tenancy.oc1..aaaaaaaafvbrqwizb2l62d7o46h622ibhfp2at56cfjxak7x3jqgh42ligrq,allow group ansible_demo_admins to manage instance-family in compartment id ocid1.compartment.oc1..aaaaaaaabvenmx4qzr7igc73lhp544lua5bo4wmcg4gft24hwxssbszseodq,ACTIVE,2025-06-25T13:37:46.334000+00:00
ansible_demo_policy,ocid1.tenancy.oc1..aaaaaaaafvbrqwizb2l62d7o46h622ibhfp2at56cfjxak7x3jqgh42ligrq,allow group ansible_demo_admins to read virtual-network-family in compartment id ocid1.compartment.oc1..aaaaaaaabvenmx4qzr7igc73lhp544lua5bo4wmcg4gft24hwxssbszseodq,ACTIVE,2025-06-25T13:37:46.334000+00:00
AutonomousRecoveryService,ocid1.tenancy.oc1..aaaaaaaafvbrqwizb2l62d7o46h622ibhfp2at56cfjxak7x3jqgh42ligrq,Allow service database to manage recovery-service-family in tenancy,ACTIVE,2024-06-12T10:30:01.519000+00:00
AutonomousRecoveryService,ocid1.tenancy.oc1..aaaaaaaafvbrqwizb2l62d7o46h622ibhfp2at56cfjxak7x3jqgh42ligrq,Allow service database to manage tagnamespace in tenancy,ACTIVE,2024-06-12T10:30:01.519000+00:00
AutonomousRecoveryService,ocid1.tenancy.oc1..aaaaaaaafvbrqwizb2l62d7o46h622ibhfp2at56cfjxak7x3jqgh42ligrq,Allow service rcs to manage recovery-service-family in tenancy,ACTIVE,2024-06-12T10:30:01.519000+00:00
AutonomousRecoveryService,ocid1.tenancy.oc1..aaaaaaaafvbrqwizb2l62d7o46h622ibhfp2at56cfjxak7x3jqgh42ligrq,Allow service rcs to manage virtual-network-family in tenancy,ACTIVE,2024-06-12T10:30:01.519000+00:00
AutonomousRecoveryService,ocid1.tenancy.oc1..aaaaaaaafvbrqwizb2l62d7o46h622ibhfp2at56cfjxak7x3jqgh42ligrq,Allow group LABS-group to manage recovery-service-family in tenancy,ACTIVE,2024-06-12T10:30:01.519000+00:00
backup_status,ocid1.tenancy.oc1..aaaaaaaafvbrqwizb2l62d7o46h622ibhfp2at56cfjxak7x3jqgh42ligrq,allow group backup to manage cloudevents-rules in tenancy,ACTIVE,2025-03-04T14:32:42.468000+00:00
backup_status,ocid1.tenancy.oc1..aaaaaaaafvbrqwizb2l62d7o46h622ibhfp2at56cfjxak7x3jqgh42ligrq,allow group backup to inspect compartments in tenancy,ACTIVE,2025-03-04T14:32:42.468000+00:00
backup_status,ocid1.tenancy.oc1..aaaaaaaafvbrqwizb2l62d7o46h622ibhfp2at56cfjxak7x3jqgh42ligrq,allow group backup to use tag-namespaces in tenancy,ACTIVE,2025-03-04T14:32:42.468000+00:00
backup_status,ocid1.tenancy.oc1..aaaaaaaafvbrqwizb2l62d7o46h622ibhfp2at56cfjxak7x3jqgh42ligrq,allow group backup to inspect streams in tenancy,ACTIVE,2025-03-04T14:32:42.468000+00:00
backup_status,ocid1.tenancy.oc1..aaaaaaaafvbrqwizb2l62d7o46h622ibhfp2at56cfjxak7x3jqgh42ligrq,allow group backup to use stream-push in tenancy,ACTIVE,2025-03-04T14:32:42.468000+00:00
backup_status,ocid1.tenancy.oc1..aaaaaaaafvbrqwizb2l62d7o46h622ibhfp2at56cfjxak7x3jqgh42ligrq,allow group backup to use stream-pull in tenancy,ACTIVE,2025-03-04T14:32:42.468000+00:00
Certificate-Policy,ocid1.tenancy.oc1..aaaaaaaafvbrqwizb2l62d7o46h622ibhfp2at56cfjxak7x3jqgh42ligrq,Allow dynamic-group CertAuth to use keys in tenancy,ACTIVE,2023-03-06T13:26:36.790000+00:00
Certificate-Policy,ocid1.tenancy.oc1..aaaaaaaafvbrqwizb2l62d7o46h622ibhfp2at56cfjxak7x3jqgh42ligrq,Allow dynamic-group CertAuth to manage objects in tenancy,ACTIVE,2023-03-06T13:26:36.790000+00:00
CloudGuardPolicies,ocid1.tenancy.oc1..aaaaaaaafvbrqwizb2l62d7o46h622ibhfp2at56cfjxak7x3jqgh42ligrq,allow service cloudguard to manage cloudevents-rules in tenancy where target.rule.type='managed',ACTIVE,2023-03-15T08:41:58.523000+00:00
CloudGuardPolicies,ocid1.tenancy.oc1..aaaaaaaafvbrqwizb2l62d7o46h622ibhfp2at56cfjxak7x3jqgh42ligrq,allow service cloudguard to read vaults in tenancy,ACTIVE,2023-03-15T08:41:58.523000+00:00
CloudGuardPolicies,ocid1.tenancy.oc1..aaaaaaaafvbrqwizb2l62d7o46h622ibhfp2at56cfjxak7x3jqgh42ligrq,allow service cloudguard to read keys in tenancy,ACTIVE,2023-03-15T08:41:58.523000+00:00
CloudGuardPolicies,ocid1.tenancy.oc1..aaaaaaaafvbrqwizb2l62d7o46h622ibhfp2at56cfjxak7x3jqgh42ligrq,allow service cloudguard to read compartments in tenancy,ACTIVE,2023-03-15T08:41:58.523000+00:00
CloudGuardPolicies,ocid1.tenancy.oc1..aaaaaaaafvbrqwizb2l62d7o46h622ibhfp2at56cfjxak7x3jqgh42ligrq,allow service cloudguard to read tenancies in tenancy,ACTIVE,2023-03-15T08:41:58.523000+00:00
CloudGuardPolicies,ocid1.tenancy.oc1..aaaaaaaafvbrqwizb2l62d7o46h622ibhfp2at56cfjxak7x3jqgh42ligrq,allow service cloudguard to read audit-events in tenancy,ACTIVE,2023-03-15T08:41:58.523000+00:00
CloudGuardPolicies,ocid1.tenancy.oc1..aaaaaaaafvbrqwizb2l62d7o46h622ibhfp2at56cfjxak7x3jqgh42ligrq,allow service cloudguard to read compute-management-family in tenancy,ACTIVE,2023-03-15T08:41:58.523000+00:00
CloudGuardPolicies,ocid1.tenancy.oc1..aaaaaaaafvbrqwizb2l62d7o46h622ibhfp2at56cfjxak7x3jqgh42ligrq,allow service cloudguard to read instance-family in tenancy,ACTIVE,2023-03-15T08:41:58.523000+00:00
CloudGuardPolicies,ocid1.tenancy.oc1..aaaaaaaafvbrqwizb2l62d7o46h622ibhfp2at56cfjxak7x3jqgh42ligrq,allow service cloudguard to read virtual-network-family in tenancy,ACTIVE,2023-03-15T08:41:58.523000+00:00
CloudGuardPolicies,ocid1.tenancy.oc1..aaaaaaaafvbrqwizb2l62d7o46h622ibhfp2at56cfjxak7x3jqgh42ligrq,allow service cloudguard to read volume-family in tenancy,ACTIVE,2023-03-15T08:41:58.523000+00:00
CloudGuardPolicies,ocid1.tenancy.oc1..aaaaaaaafvbrqwizb2l62d7o46h622ibhfp2at56cfjxak7x3jqgh42ligrq,allow service cloudguard to read database-family in tenancy,ACTIVE,2023-03-15T08:41:58.523000+00:00
CloudGuardPolicies,ocid1.tenancy.oc1..aaaaaaaafvbrqwizb2l62d7o46h622ibhfp2at56cfjxak7x3jqgh42ligrq,allow service cloudguard to read object-family in tenancy,ACTIVE,2023-03-15T08:41:58.523000+00:00
CloudGuardPolicies,ocid1.tenancy.oc1..aaaaaaaafvbrqwizb2l62d7o46h622ibhfp2at56cfjxak7x3jqgh42ligrq,allow service cloudguard to read load-balancers in tenancy,ACTIVE,2023-03-15T08:41:58.523000+00:00
CloudGuardPolicies,ocid1.tenancy.oc1..aaaaaaaafvbrqwizb2l62d7o46h622ibhfp2at56cfjxak7x3jqgh42ligrq,allow service cloudguard to read users in tenancy,ACTIVE,2023-03-15T08:41:58.523000+00:00
CloudGuardPolicies,ocid1.tenancy.oc1..aaaaaaaafvbrqwizb2l62d7o46h622ibhfp2at56cfjxak7x3jqgh42ligrq,allow service cloudguard to read groups in tenancy,ACTIVE,2023-03-15T08:41:58.523000+00:00
CloudGuardPolicies,ocid1.tenancy.oc1..aaaaaaaafvbrqwizb2l62d7o46h622ibhfp2at56cfjxak7x3jqgh42ligrq,allow service cloudguard to read policies in tenancy,ACTIVE,2023-03-15T08:41:58.523000+00:00
CloudGuardPolicies,ocid1.tenancy.oc1..aaaaaaaafvbrqwizb2l62d7o46h622ibhfp2at56cfjxak7x3jqgh42ligrq,allow service cloudguard to read dynamic-groups in tenancy,ACTIVE,2023-03-15T08:41:58.523000+00:00
CloudGuardPolicies,ocid1.tenancy.oc1..aaaaaaaafvbrqwizb2l62d7o46h622ibhfp2at56cfjxak7x3jqgh42ligrq,allow service cloudguard to read authentication-policies in tenancy,ACTIVE,2023-03-15T08:41:58.523000+00:00
CloudGuardPolicies,ocid1.tenancy.oc1..aaaaaaaafvbrqwizb2l62d7o46h622ibhfp2at56cfjxak7x3jqgh42ligrq,allow service cloudguard to use network-security-groups in tenancy,ACTIVE,2023-03-15T08:41:58.523000+00:00
CloudGuardPolicies,ocid1.tenancy.oc1..aaaaaaaafvbrqwizb2l62d7o46h622ibhfp2at56cfjxak7x3jqgh42ligrq,allow service cloudguard to read data-safe-family in tenancy,ACTIVE,2023-03-15T08:41:58.523000+00:00
CloudGuardPolicies,ocid1.tenancy.oc1..aaaaaaaafvbrqwizb2l62d7o46h622ibhfp2at56cfjxak7x3jqgh42ligrq,allow service cloudguard to read autonomous-database-family in tenancy,ACTIVE,2023-03-15T08:41:58.523000+00:00
CloudGuardPolicies,ocid1.tenancy.oc1..aaaaaaaafvbrqwizb2l62d7o46h622ibhfp2at56cfjxak7x3jqgh42ligrq,allow service cloudguard to read log-groups in tenancy,ACTIVE,2023-03-15T08:41:58.523000+00:00
CloudGuardPolicies,ocid1.tenancy.oc1..aaaaaaaafvbrqwizb2l62d7o46h622ibhfp2at56cfjxak7x3jqgh42ligrq,allow service cloudguard to read data-safe-family in tenancy,ACTIVE,2023-03-15T08:41:58.523000+00:00
CloudGuardPolicies,ocid1.tenancy.oc1..aaaaaaaafvbrqwizb2l62d7o46h622ibhfp2at56cfjxak7x3jqgh42ligrq,allow service cloudguard to read autonomous-database-family in tenancy,ACTIVE,2023-03-15T08:41:58.523000+00:00
ConnectorPolicy_loggingAnalytics_2023-07-26T12.21.33.071Z,ocid1.tenancy.oc1..aaaaaaaafvbrqwizb2l62d7o46h622ibhfp2at56cfjxak7x3jqgh42ligrq,"allow any-user to {LOG_ANALYTICS_LOG_GROUP_UPLOAD_LOGS}  in compartment id ocid1.tenancy.oc1..aaaaaaaafvbrqwizb2l62d7o46h622ibhfp2at56cfjxak7x3jqgh42ligrq where all {request.principal.type='serviceconnector',  target.loganalytics-log-group.id='ocid1.loganalyticsloggroup.oc1.eu-frankfurt-1.amaaaaaao7vto7ialzybrao7bu4tybwi43wyntfszpgturnyvsjl7db4bama', request.principal.compartment.id='ocid1.compartment.oc1..aaaaaaaakvvwpwhlr6x7gu2hbh7yzwcvnwmjufgpavm7yhsrsh3vgah6rphq'}",ACTIVE,2023-07-26T12:21:33.178000+00:00
ConnectorPolicy_monitoring_2023-04-28T08.39.04.337Z,ocid1.tenancy.oc1..aaaaaaaafvbrqwizb2l62d7o46h622ibhfp2at56cfjxak7x3jqgh42ligrq,"allow any-user to read metrics in tenancy  where all {request.principal.type='serviceconnector',  request.principal.compartment.id='ocid1.compartment.oc1..aaaaaaaaqslj6tdy6np37cjtxywtv44acpwowp5enkeuukg46fjvkea23dca', target.compartment.id in ('ocid1.compartment.oc1..aaaaaaaaqslj6tdy6np37cjtxywtv44acpwowp5enkeuukg46fjvkea23dca')}",ACTIVE,2023-04-28T08:39:03.095000+00:00
ConnectorPolicy_objectStorage_2025-10-09T12.07.27.275Z,ocid1.tenancy.oc1..aaaaaaaafvbrqwizb2l62d7o46h622ibhfp2at56cfjxak7x3jqgh42ligrq,"allow any-user to manage objects in compartment id ocid1.tenancy.oc1..aaaaaaaafvbrqwizb2l62d7o46h622ibhfp2at56cfjxak7x3jqgh42ligrq where all {request.principal.type='serviceconnector', target.bucket.name='mybucket2', request.principal.compartment.id='ocid1.tenancy.oc1..aaaaaaaafvbrqwizb2l62d7o46h622ibhfp2at56cfjxak7x3jqgh42ligrq'}",ACTIVE,2025-10-09T12:07:27.497000+00:00
ConnectorPolicy_objectStorage_2025-10-09T12.07.27.275Z,ocid1.tenancy.oc1..aaaaaaaafvbrqwizb2l62d7o46h622ibhfp2at56cfjxak7x3jqgh42ligrq,"allow any-user to read metrics in tenancy where all {request.principal.type='serviceconnector', request.principal.compartment.id='ocid1.tenancy.oc1..aaaaaaaafvbrqwizb2l62d7o46h622ibhfp2at56cfjxak7x3jqgh42ligrq', target.compartment.id in ('ocid1.compartment.oc1..aaaaaaaafcu5wdt6xwin62kqy3ze62yp47mmideo3udz2esdlbiapkd5ztra')}",ACTIVE,2025-10-09T12:07:27.497000+00:00
cost_management_emad_test,ocid1.tenancy.oc1..aaaaaaaafvbrqwizb2l62d7o46h622ibhfp2at56cfjxak7x3jqgh42ligrq,Allow service metering_overlay to manage objects in tenancy,ACTIVE,2024-03-20T13:35:44.009000+00:00
cost_management_emad_test,ocid1.tenancy.oc1..aaaaaaaafvbrqwizb2l62d7o46h622ibhfp2at56cfjxak7x3jqgh42ligrq,"Allow service blockstorage, objectstorage-eu-frankfurt-1, oke, streaming to use keys in tenancy",ACTIVE,2024-03-20T13:35:44.009000+00:00
cost_management_emad_test,ocid1.tenancy.oc1..aaaaaaaafvbrqwizb2l62d7o46h622ibhfp2at56cfjxak7x3jqgh42ligrq,Allow group Administrators to manage vss-family in tenancy,ACTIVE,2024-03-20T13:35:44.009000+00:00
cost_management_emad_test,ocid1.tenancy.oc1..aaaaaaaafvbrqwizb2l62d7o46h622ibhfp2at56cfjxak7x3jqgh42ligrq,Allow service vulnerability-scanning-service to manage instances in tenancy,ACTIVE,2024-03-20T13:35:44.009000+00:00
cost_management_emad_test,ocid1.tenancy.oc1..aaaaaaaafvbrqwizb2l62d7o46h622ibhfp2at56cfjxak7x3jqgh42ligrq,Allow service vulnerability-scanning-service to read compartments in tenancy,ACTIVE,2024-03-20T13:35:44.009000+00:00
cost_management_emad_test,ocid1.tenancy.oc1..aaaaaaaafvbrqwizb2l62d7o46h622ibhfp2at56cfjxak7x3jqgh42ligrq,Allow service vulnerability-scanning-service to read vnics in tenancy,ACTIVE,2024-03-20T13:35:44.009000+00:00
cost_management_emad_test,ocid1.tenancy.oc1..aaaaaaaafvbrqwizb2l62d7o46h622ibhfp2at56cfjxak7x3jqgh42ligrq,Allow service vulnerability-scanning-service to read vnic-attachments in tenancy,ACTIVE,2024-03-20T13:35:44.009000+00:00
CostManagement,ocid1.tenancy.oc1..aaaaaaaafvbrqwizb2l62d7o46h622ibhfp2at56cfjxak7x3jqgh42ligrq,define tenancy usage-report as ocid1.tenancy.oc1..aaaaaaaamhmra7tjzxzaronywihwj4ibgnifs27nxr5nvemeemmwtrtatr2q,ACTIVE,2024-02-08T17:50:40.517000+00:00
CostManagement,ocid1.tenancy.oc1..aaaaaaaafvbrqwizb2l62d7o46h622ibhfp2at56cfjxak7x3jqgh42ligrq,endorse group LABS-group to read objects in tenancy usage-report,ACTIVE,2024-02-08T17:50:40.517000+00:00
Cross-tenancy-ADB-replication,ocid1.tenancy.oc1..aaaaaaaafvbrqwizb2l62d7o46h622ibhfp2at56cfjxak7x3jqgh42ligrq,Define tenancy emeaisv as ocid1.tenancy.oc1..aaaaaaaaibrpsc2fhjxvmbla6gu327mkldqwaabj37gzhgorkfw4q46tznva,ACTIVE,2024-05-17T13:31:43.644000+00:00
Cross-tenancy-ADB-replication,ocid1.tenancy.oc1..aaaaaaaafvbrqwizb2l62d7o46h622ibhfp2at56cfjxak7x3jqgh42ligrq,Endorse group LABS-group to manage autonomous-database-family in tenancy emeaisv,ACTIVE,2024-05-17T13:31:43.644000+00:00
Data-Science,ocid1.tenancy.oc1..aaaaaaaafvbrqwizb2l62d7o46h622ibhfp2at56cfjxak7x3jqgh42ligrq,allow service datascience to use virtual-network-family in tenancy,ACTIVE,2025-01-29T15:29:05.692000+00:00
db_policy_london_uksouth,ocid1.tenancy.oc1..aaaaaaaafvbrqwizb2l62d7o46h622ibhfp2at56cfjxak7x3jqgh42ligrq,Allow group Administrators to manage database-family in tenancy,ACTIVE,2025-04-07T08:40:18.675000+00:00
hellde-oke-cluster-tenancy-policies-13Gd,ocid1.tenancy.oc1..aaaaaaaafvbrqwizb2l62d7o46h622ibhfp2at56cfjxak7x3jqgh42ligrq,Allow dynamic-group hellde-oke-cluster-dg-13Gd to read metrics in tenancy,ACTIVE,2025-04-03T17:39:35.247000+00:00
hellde-oke-cluster-tenancy-policies-13Gd,ocid1.tenancy.oc1..aaaaaaaafvbrqwizb2l62d7o46h622ibhfp2at56cfjxak7x3jqgh42ligrq,Allow dynamic-group hellde-oke-cluster-dg-13Gd to read compartments in tenancy,ACTIVE,2025-04-03T17:39:35.247000+00:00
instance_principal,ocid1.tenancy.oc1..aaaaaaaafvbrqwizb2l62d7o46h622ibhfp2at56cfjxak7x3jqgh42ligrq,Allow dynamic-group instance_principal to manage clusters in tenancy,ACTIVE,2025-07-12T08:13:57.807000+00:00
instance_principal,ocid1.tenancy.oc1..aaaaaaaafvbrqwizb2l62d7o46h622ibhfp2at56cfjxak7x3jqgh42ligrq,Allow dynamic-group instance_principal  to manage load-balancers in tenancy,ACTIVE,2025-07-12T08:13:57.807000+00:00
instance_principal,ocid1.tenancy.oc1..aaaaaaaafvbrqwizb2l62d7o46h622ibhfp2at56cfjxak7x3jqgh42ligrq,Allow dynamic-group instance_principal to use virtual-network-family in tenancy,ACTIVE,2025-07-12T08:13:57.807000+00:00
instance_principal,ocid1.tenancy.oc1..aaaaaaaafvbrqwizb2l62d7o46h622ibhfp2at56cfjxak7x3jqgh42ligrq,Allow dynamic-group instance_principal to manage cabundles in tenancy,ACTIVE,2025-07-12T08:13:57.807000+00:00
instance_principal,ocid1.tenancy.oc1..aaaaaaaafvbrqwizb2l62d7o46h622ibhfp2at56cfjxak7x3jqgh42ligrq,Allow dynamic-group instance_principal to manage cabundle-associations in tenancy,ACTIVE,2025-07-12T08:13:57.807000+00:00
instance_principal,ocid1.tenancy.oc1..aaaaaaaafvbrqwizb2l62d7o46h622ibhfp2at56cfjxak7x3jqgh42ligrq,Allow dynamic-group instance_principal to manage leaf-certificates in tenancy,ACTIVE,2025-07-12T08:13:57.807000+00:00
instance_principal,ocid1.tenancy.oc1..aaaaaaaafvbrqwizb2l62d7o46h622ibhfp2at56cfjxak7x3jqgh42ligrq,Allow dynamic-group instance_principal to read leaf-certificate-bundles in tenancy,ACTIVE,2025-07-12T08:13:57.807000+00:00
instance_principal,ocid1.tenancy.oc1..aaaaaaaafvbrqwizb2l62d7o46h622ibhfp2at56cfjxak7x3jqgh42ligrq,Allow dynamic-group instance_principal to manage leaf-certificate-versions in tenancy,ACTIVE,2025-07-12T08:13:57.807000+00:00
instance_principal,ocid1.tenancy.oc1..aaaaaaaafvbrqwizb2l62d7o46h622ibhfp2at56cfjxak7x3jqgh42ligrq,Allow dynamic-group instance_principal to manage certificate-associations in tenancy,ACTIVE,2025-07-12T08:13:57.807000+00:00
instance_principal,ocid1.tenancy.oc1..aaaaaaaafvbrqwizb2l62d7o46h622ibhfp2at56cfjxak7x3jqgh42ligrq,Allow dynamic-group instance_principal to read certificate-authorities in tenancy,ACTIVE,2025-07-12T08:13:57.807000+00:00
instance_principal,ocid1.tenancy.oc1..aaaaaaaafvbrqwizb2l62d7o46h622ibhfp2at56cfjxak7x3jqgh42ligrq,Allow dynamic-group instance_principal to manage certificate-authority-associations in tenancy,ACTIVE,2025-07-12T08:13:57.807000+00:00
instance_principal,ocid1.tenancy.oc1..aaaaaaaafvbrqwizb2l62d7o46h622ibhfp2at56cfjxak7x3jqgh42ligrq,Allow dynamic-group instance_principal to read certificate-authority-bundles in tenancy,ACTIVE,2025-07-12T08:13:57.807000+00:00
instance_principal,ocid1.tenancy.oc1..aaaaaaaafvbrqwizb2l62d7o46h622ibhfp2at56cfjxak7x3jqgh42ligrq,Allow dynamic-group instance_principal to read public-ips in tenancy,ACTIVE,2025-07-12T08:13:57.807000+00:00
instance_principal,ocid1.tenancy.oc1..aaaaaaaafvbrqwizb2l62d7o46h622ibhfp2at56cfjxak7x3jqgh42ligrq,Allow dynamic-group instance_principal to manage floating-ips in tenancy,ACTIVE,2025-07-12T08:13:57.807000+00:00
instance_principal,ocid1.tenancy.oc1..aaaaaaaafvbrqwizb2l62d7o46h622ibhfp2at56cfjxak7x3jqgh42ligrq,Allow dynamic-group instance_principal to manage waf-family in tenancy,ACTIVE,2025-07-12T08:13:57.807000+00:00
instance_principal,ocid1.tenancy.oc1..aaaaaaaafvbrqwizb2l62d7o46h622ibhfp2at56cfjxak7x3jqgh42ligrq,Allow dynamic-group instance_principal to read cluster-family in tenancy,ACTIVE,2025-07-12T08:13:57.807000+00:00
instance_principal,ocid1.tenancy.oc1..aaaaaaaafvbrqwizb2l62d7o46h622ibhfp2at56cfjxak7x3jqgh42ligrq,Allow dynamic-group instance_principal to use tag-namespaces in tenancy,ACTIVE,2025-07-12T08:13:57.807000+00:00
LABS-billing,ocid1.tenancy.oc1..aaaaaaaafvbrqwizb2l62d7o46h622ibhfp2at56cfjxak7x3jqgh42ligrq,Allow group LABS-billing to manage accountmanagement-family in tenancy,ACTIVE,2023-09-19T09:24:41.450000+00:00
LABS-billing,ocid1.tenancy.oc1..aaaaaaaafvbrqwizb2l62d7o46h622ibhfp2at56cfjxak7x3jqgh42ligrq,Allow group LABS-billing to read computed-usages in tenancy,ACTIVE,2023-09-19T09:24:41.450000+00:00
LABS-billing,ocid1.tenancy.oc1..aaaaaaaafvbrqwizb2l62d7o46h622ibhfp2at56cfjxak7x3jqgh42ligrq,Allow group LABS-billing to read invoices in tenancy,ACTIVE,2023-09-19T09:24:41.450000+00:00
LABS-billing,ocid1.tenancy.oc1..aaaaaaaafvbrqwizb2l62d7o46h622ibhfp2at56cfjxak7x3jqgh42ligrq,Allow group LABS-billing to read subscribed-services in tenancy,ACTIVE,2023-09-19T09:24:41.450000+00:00
LABS-billing,ocid1.tenancy.oc1..aaaaaaaafvbrqwizb2l62d7o46h622ibhfp2at56cfjxak7x3jqgh42ligrq,Allow group LABS-billing to read subscription in tenancy,ACTIVE,2023-09-19T09:24:41.450000+00:00
LABS-billing,ocid1.tenancy.oc1..aaaaaaaafvbrqwizb2l62d7o46h622ibhfp2at56cfjxak7x3jqgh42ligrq,Allow group LABS-billing to read billing-schedules in tenancy,ACTIVE,2023-09-19T09:24:41.450000+00:00
LABS-billing,ocid1.tenancy.oc1..aaaaaaaafvbrqwizb2l62d7o46h622ibhfp2at56cfjxak7x3jqgh42ligrq,Allow group LABS-billing to read subscribed-services in tenancy,ACTIVE,2023-09-19T09:24:41.450000+00:00
LABS-billing,ocid1.tenancy.oc1..aaaaaaaafvbrqwizb2l62d7o46h622ibhfp2at56cfjxak7x3jqgh42ligrq,Allow group LABS-billing to read rate-cards in tenancy,ACTIVE,2023-09-19T09:24:41.450000+00:00
LABS-billing,ocid1.tenancy.oc1..aaaaaaaafvbrqwizb2l62d7o46h622ibhfp2at56cfjxak7x3jqgh42ligrq,Allow group LABS-billing to manage invoices in tenancy,ACTIVE,2023-09-19T09:24:41.450000+00:00
LABS-billing,ocid1.tenancy.oc1..aaaaaaaafvbrqwizb2l62d7o46h622ibhfp2at56cfjxak7x3jqgh42ligrq,Allow group LABS-billing to manage invoice-preferences in tenancy,ACTIVE,2023-09-19T09:24:41.450000+00:00
LABS-billing,ocid1.tenancy.oc1..aaaaaaaafvbrqwizb2l62d7o46h622ibhfp2at56cfjxak7x3jqgh42ligrq,Allow group LABS-billing to manage support-rewards in tenancy,ACTIVE,2023-09-19T09:24:41.450000+00:00
LABS-carbon-emission-report,ocid1.tenancy.oc1..aaaaaaaafvbrqwizb2l62d7o46h622ibhfp2at56cfjxak7x3jqgh42ligrq,Allow group LABS-group to manage carbon-emission-reports in tenancy,ACTIVE,2024-02-15T15:08:30.098000+00:00
LABS-Functions-ai,ocid1.tenancy.oc1..aaaaaaaafvbrqwizb2l62d7o46h622ibhfp2at56cfjxak7x3jqgh42ligrq,Allow dynamic-group functions_ai to manage generative-ai-family in tenancy,ACTIVE,2024-03-12T11:33:15.231000+00:00
LABS-idp-policy,ocid1.tenancy.oc1..aaaaaaaafvbrqwizb2l62d7o46h622ibhfp2at56cfjxak7x3jqgh42ligrq,Allow group LABS-idp to manage identity-providers in tenancy,ACTIVE,2023-02-24T12:19:10.992000+00:00
LABS-idp-policy,ocid1.tenancy.oc1..aaaaaaaafvbrqwizb2l62d7o46h622ibhfp2at56cfjxak7x3jqgh42ligrq,Allow group LABS-idp to manage groups in tenancy,ACTIVE,2023-02-24T12:19:10.992000+00:00
LABS-idp-policy,ocid1.tenancy.oc1..aaaaaaaafvbrqwizb2l62d7o46h622ibhfp2at56cfjxak7x3jqgh42ligrq,Allow group LABS-idp to manage users in tenancy,ACTIVE,2023-02-24T12:19:10.992000+00:00
LABS-idp-policy,ocid1.tenancy.oc1..aaaaaaaafvbrqwizb2l62d7o46h622ibhfp2at56cfjxak7x3jqgh42ligrq,Allow group LABS-idp to manage orm-stacks in tenancy,ACTIVE,2023-02-24T12:19:10.992000+00:00
LABS-idp-policy,ocid1.tenancy.oc1..aaaaaaaafvbrqwizb2l62d7o46h622ibhfp2at56cfjxak7x3jqgh42ligrq,Allow group LABS-idp to manage orm-jobs in tenancy,ACTIVE,2023-02-24T12:19:10.992000+00:00
LABS-mbostina-policy,ocid1.tenancy.oc1..aaaaaaaafvbrqwizb2l62d7o46h622ibhfp2at56cfjxak7x3jqgh42ligrq,Allow group LABS-mbostina to read all-resources in compartment LABS:LABS-mbostina,ACTIVE,2024-08-12T09:11:09.196000+00:00
LABS-mbostina-policy,ocid1.tenancy.oc1..aaaaaaaafvbrqwizb2l62d7o46h622ibhfp2at56cfjxak7x3jqgh42ligrq,Allow group LABS-mbostina to use instances in compartment LABS:LABS-mbostina where any {request.permission = 'INSTANCE_POWER_ACTIONS'},ACTIVE,2024-08-12T09:11:09.196000+00:00
LABS-mbostina-policy,ocid1.tenancy.oc1..aaaaaaaafvbrqwizb2l62d7o46h622ibhfp2at56cfjxak7x3jqgh42ligrq,Allow dynamic-group mbostina_fsdr_dg to use metrics in tenancy,ACTIVE,2024-08-12T09:11:09.196000+00:00
LABS-mbostina-policy,ocid1.tenancy.oc1..aaaaaaaafvbrqwizb2l62d7o46h622ibhfp2at56cfjxak7x3jqgh42ligrq,Allow dynamic-group mbostina_fsdr_dg to manage object-family in compartment LABS:marius.bostinaru,ACTIVE,2024-08-12T09:11:09.196000+00:00
LABS-mbostina-policy,ocid1.tenancy.oc1..aaaaaaaafvbrqwizb2l62d7o46h622ibhfp2at56cfjxak7x3jqgh42ligrq,Allow dynamic-group mbostina_fsdr_dg to manage cluster-family in compartment LABS:marius.bostinaru,ACTIVE,2024-08-12T09:11:09.196000+00:00
LABS-mtorne-oke-vault-policy,ocid1.tenancy.oc1..aaaaaaaafvbrqwizb2l62d7o46h622ibhfp2at56cfjxak7x3jqgh42ligrq,Allow dynamic-group mtorne-oke-workers to read secret-family in compartment LABS:marc.torne:cegid,ACTIVE,2024-08-29T13:00:31.581000+00:00
LABS-mtorne-oke-vault-policy,ocid1.tenancy.oc1..aaaaaaaafvbrqwizb2l62d7o46h622ibhfp2at56cfjxak7x3jqgh42ligrq,Allow dynamic-group mtorne-oke-workers to read secret-family in compartment LABS:marc.torne:yss_lab01,ACTIVE,2024-08-29T13:00:31.581000+00:00
LABS-mtorne-oke-vault-policy,ocid1.tenancy.oc1..aaaaaaaafvbrqwizb2l62d7o46h622ibhfp2at56cfjxak7x3jqgh42ligrq,Allow any-user to use network-security-groups in tenancy where all { request.principal.type = 'cluster' },ACTIVE,2024-08-29T13:00:31.581000+00:00
LABS-mtorne-oke-vault-policy,ocid1.tenancy.oc1..aaaaaaaafvbrqwizb2l62d7o46h622ibhfp2at56cfjxak7x3jqgh42ligrq,Allow any-user to use subnets in tenancy where all { request.principal.type = 'cluster' },ACTIVE,2024-08-29T13:00:31.581000+00:00
LABS-mtorne-oke-vault-policy,ocid1.tenancy.oc1..aaaaaaaafvbrqwizb2l62d7o46h622ibhfp2at56cfjxak7x3jqgh42ligrq,Allow any-user to use vcns in tenancy where all { request.principal.type = 'cluster' },ACTIVE,2024-08-29T13:00:31.581000+00:00
LABS-mtorne-oke-vault-policy,ocid1.tenancy.oc1..aaaaaaaafvbrqwizb2l62d7o46h622ibhfp2at56cfjxak7x3jqgh42ligrq,Allow any-user to use vnics in tenancy where all { request.principal.type = 'cluster' },ACTIVE,2024-08-29T13:00:31.581000+00:00
LABS-mtorne-oke-vault-policy,ocid1.tenancy.oc1..aaaaaaaafvbrqwizb2l62d7o46h622ibhfp2at56cfjxak7x3jqgh42ligrq,Allow any-user to manage instances in tenancy where all { request.principal.type = 'cluster' },ACTIVE,2024-08-29T13:00:31.581000+00:00
LABS-mtorne-oke-vault-policy,ocid1.tenancy.oc1..aaaaaaaafvbrqwizb2l62d7o46h622ibhfp2at56cfjxak7x3jqgh42ligrq,Allow any-user to use private-ips in tenancy where all { request.principal.type = 'cluster' },ACTIVE,2024-08-29T13:00:31.581000+00:00
LABS-osms,ocid1.tenancy.oc1..aaaaaaaafvbrqwizb2l62d7o46h622ibhfp2at56cfjxak7x3jqgh42ligrq,Allow group LABS-osms to manage integration-instance in compartment LABS:marius.bostinaru,ACTIVE,2024-03-12T09:33:54.596000+00:00
LABS-osms,ocid1.tenancy.oc1..aaaaaaaafvbrqwizb2l62d7o46h622ibhfp2at56cfjxak7x3jqgh42ligrq,Allow group LABS-osms to read all-resources in tenancy,ACTIVE,2024-03-12T09:33:54.596000+00:00
LABS-osms,ocid1.tenancy.oc1..aaaaaaaafvbrqwizb2l62d7o46h622ibhfp2at56cfjxak7x3jqgh42ligrq,Allow dynamic-group presight_dg to read instance-family in tenancy,ACTIVE,2024-03-12T09:33:54.596000+00:00
LABS-osms,ocid1.tenancy.oc1..aaaaaaaafvbrqwizb2l62d7o46h622ibhfp2at56cfjxak7x3jqgh42ligrq,Allow dynamic-group presight_dg to use osms-managed-instances in tenancy,ACTIVE,2024-03-12T09:33:54.596000+00:00
LABS-osms,ocid1.tenancy.oc1..aaaaaaaafvbrqwizb2l62d7o46h622ibhfp2at56cfjxak7x3jqgh42ligrq,Allow group Administrators to read metrics in tenancy,ACTIVE,2024-03-12T09:33:54.596000+00:00
LABS-osms,ocid1.tenancy.oc1..aaaaaaaafvbrqwizb2l62d7o46h622ibhfp2at56cfjxak7x3jqgh42ligrq,Allow group Administrators to read compartments in tenancy,ACTIVE,2024-03-12T09:33:54.596000+00:00
LABS-osms,ocid1.tenancy.oc1..aaaaaaaafvbrqwizb2l62d7o46h622ibhfp2at56cfjxak7x3jqgh42ligrq,Allow group Administrators to manage osms-family in tenancy,ACTIVE,2024-03-12T09:33:54.596000+00:00
LABS-osms,ocid1.tenancy.oc1..aaaaaaaafvbrqwizb2l62d7o46h622ibhfp2at56cfjxak7x3jqgh42ligrq,allow dynamic-group osmh-instances to {OSMH_MANAGED_INSTANCE_ACCESS} in tenancy where request.principal.id = target.managed-instance.id,ACTIVE,2024-03-12T09:33:54.596000+00:00
LABS-osms,ocid1.tenancy.oc1..aaaaaaaafvbrqwizb2l62d7o46h622ibhfp2at56cfjxak7x3jqgh42ligrq,allow group osmh-admins to manage osmh-family in tenancy,ACTIVE,2024-03-12T09:33:54.596000+00:00
LABS-osms,ocid1.tenancy.oc1..aaaaaaaafvbrqwizb2l62d7o46h622ibhfp2at56cfjxak7x3jqgh42ligrq,allow group osmh-admins to manage management-agents in tenancy,ACTIVE,2024-03-12T09:33:54.596000+00:00
LABS-osms,ocid1.tenancy.oc1..aaaaaaaafvbrqwizb2l62d7o46h622ibhfp2at56cfjxak7x3jqgh42ligrq,allow group osmh-admins to manage management-agent-install-keys in tenancy,ACTIVE,2024-03-12T09:33:54.596000+00:00
LABS-osms,ocid1.tenancy.oc1..aaaaaaaafvbrqwizb2l62d7o46h622ibhfp2at56cfjxak7x3jqgh42ligrq,allow dynamic-group GEN_AI_AGENTS to read database-tools-family in tenancy,ACTIVE,2024-03-12T09:33:54.596000+00:00
LABS-services-policy,ocid1.tenancy.oc1..aaaaaaaafvbrqwizb2l62d7o46h622ibhfp2at56cfjxak7x3jqgh42ligrq,Allow service compute_management to use compute-capacity-reservations in tenancy,ACTIVE,2023-01-31T09:47:28.735000+00:00
LABS-services-policy,ocid1.tenancy.oc1..aaaaaaaafvbrqwizb2l62d7o46h622ibhfp2at56cfjxak7x3jqgh42ligrq,Allow service OKE to manage all-resources in tenancy,ACTIVE,2023-01-31T09:47:28.735000+00:00
LABS-services-policy,ocid1.tenancy.oc1..aaaaaaaafvbrqwizb2l62d7o46h622ibhfp2at56cfjxak7x3jqgh42ligrq,Allow service FaaS to read repos in tenancy,ACTIVE,2023-01-31T09:47:28.735000+00:00
LABS-services-policy,ocid1.tenancy.oc1..aaaaaaaafvbrqwizb2l62d7o46h622ibhfp2at56cfjxak7x3jqgh42ligrq,Allow service FaaS to use virtual-network-family in tenancy,ACTIVE,2023-01-31T09:47:28.735000+00:00
LABS-services-policy,ocid1.tenancy.oc1..aaaaaaaafvbrqwizb2l62d7o46h622ibhfp2at56cfjxak7x3jqgh42ligrq,Allow service FaaS to manage repos in tenancy,ACTIVE,2023-01-31T09:47:28.735000+00:00
LABS-services-policy,ocid1.tenancy.oc1..aaaaaaaafvbrqwizb2l62d7o46h622ibhfp2at56cfjxak7x3jqgh42ligrq,Allow service FaaS to use apm-domains in tenancy,ACTIVE,2023-01-31T09:47:28.735000+00:00
LABS-services-policy,ocid1.tenancy.oc1..aaaaaaaafvbrqwizb2l62d7o46h622ibhfp2at56cfjxak7x3jqgh42ligrq,Allow dynamic-group CloudNativeDG to manage all-resources in tenancy,ACTIVE,2023-01-31T09:47:28.735000+00:00
LABS-services-policy,ocid1.tenancy.oc1..aaaaaaaafvbrqwizb2l62d7o46h622ibhfp2at56cfjxak7x3jqgh42ligrq,Allow dynamic-group instance-principal-george to manage instance-family in tenancy,ACTIVE,2023-01-31T09:47:28.735000+00:00
LABS-services-policy,ocid1.tenancy.oc1..aaaaaaaafvbrqwizb2l62d7o46h622ibhfp2at56cfjxak7x3jqgh42ligrq,Allow service database to manage recovery-service-family in tenancy,ACTIVE,2023-01-31T09:47:28.735000+00:00
LABS-services-policy,ocid1.tenancy.oc1..aaaaaaaafvbrqwizb2l62d7o46h622ibhfp2at56cfjxak7x3jqgh42ligrq,Allow service database to manage tagnamespace in tenancy,ACTIVE,2023-01-31T09:47:28.735000+00:00
LABS-services-policy,ocid1.tenancy.oc1..aaaaaaaafvbrqwizb2l62d7o46h622ibhfp2at56cfjxak7x3jqgh42ligrq,Allow service rcs to manage recovery-service-family in tenancy,ACTIVE,2023-01-31T09:47:28.735000+00:00
LABS-services-policy,ocid1.tenancy.oc1..aaaaaaaafvbrqwizb2l62d7o46h622ibhfp2at56cfjxak7x3jqgh42ligrq,Allow service rcs to manage virtual-network-family in tenancy,ACTIVE,2023-01-31T09:47:28.735000+00:00
LABS-services-policy,ocid1.tenancy.oc1..aaaaaaaafvbrqwizb2l62d7o46h622ibhfp2at56cfjxak7x3jqgh42ligrq,Allow service ocb-discovery to inspect compartments in compartment LABS:marius.bostinaru,ACTIVE,2023-01-31T09:47:28.735000+00:00
LABS-services-policy,ocid1.tenancy.oc1..aaaaaaaafvbrqwizb2l62d7o46h622ibhfp2at56cfjxak7x3jqgh42ligrq,Allow service ocb-discovery to read ocb-environments in compartment LABS:marius.bostinaru,ACTIVE,2023-01-31T09:47:28.735000+00:00
LABS-services-policy,ocid1.tenancy.oc1..aaaaaaaafvbrqwizb2l62d7o46h622ibhfp2at56cfjxak7x3jqgh42ligrq,Allow service ocb-discovery to read ocb-agents in compartment LABS:marius.bostinaru,ACTIVE,2023-01-31T09:47:28.735000+00:00
LABS-services-policy,ocid1.tenancy.oc1..aaaaaaaafvbrqwizb2l62d7o46h622ibhfp2at56cfjxak7x3jqgh42ligrq,Allow service ocb-discovery to read ocb-inventory in tenancy,ACTIVE,2023-01-31T09:47:28.735000+00:00
LABS-services-policy,ocid1.tenancy.oc1..aaaaaaaafvbrqwizb2l62d7o46h622ibhfp2at56cfjxak7x3jqgh42ligrq,Allow service ocb-discovery to manage ocb-inventory-asset in compartment LABS:marius.bostinaru,ACTIVE,2023-01-31T09:47:28.735000+00:00
LABS-services-policy,ocid1.tenancy.oc1..aaaaaaaafvbrqwizb2l62d7o46h622ibhfp2at56cfjxak7x3jqgh42ligrq,Allow service ocb-discovery to {TENANCY_INSPECT} in tenancy,ACTIVE,2023-01-31T09:47:28.735000+00:00
LABS-services-policy,ocid1.tenancy.oc1..aaaaaaaafvbrqwizb2l62d7o46h622ibhfp2at56cfjxak7x3jqgh42ligrq,Allow service vulnerability-scanning-service to read repos in tenancy,ACTIVE,2023-01-31T09:47:28.735000+00:00
LABS-services-policy,ocid1.tenancy.oc1..aaaaaaaafvbrqwizb2l62d7o46h622ibhfp2at56cfjxak7x3jqgh42ligrq,Allow service vulnerability-scanning-service to read compartments in tenancy,ACTIVE,2023-01-31T09:47:28.735000+00:00
LABS-services-policy,ocid1.tenancy.oc1..aaaaaaaafvbrqwizb2l62d7o46h622ibhfp2at56cfjxak7x3jqgh42ligrq,Allow service osms to read instances in tenancy,ACTIVE,2023-01-31T09:47:28.735000+00:00
LABS-services-policy,ocid1.tenancy.oc1..aaaaaaaafvbrqwizb2l62d7o46h622ibhfp2at56cfjxak7x3jqgh42ligrq,Allow service objectstorage-eu-frankfurt-1 to use keys in compartment LABS:marius.bostinaru where target.key.id = 'ocid1.key.oc1.eu-frankfurt-1.cbsaeti7aag4s.abtheljt5nl7iumck3r6mfso4gflgjp7xwfoct7qe6mxdqiqp35tmj5gwy6a',ACTIVE,2023-01-31T09:47:28.735000+00:00
LABS-services-policy,ocid1.tenancy.oc1..aaaaaaaafvbrqwizb2l62d7o46h622ibhfp2at56cfjxak7x3jqgh42ligrq,Allow service opensearch to manage vnics in tenancy,ACTIVE,2023-01-31T09:47:28.735000+00:00
LABS-services-policy,ocid1.tenancy.oc1..aaaaaaaafvbrqwizb2l62d7o46h622ibhfp2at56cfjxak7x3jqgh42ligrq,Allow service opensearch to manage vcns in tenancy,ACTIVE,2023-01-31T09:47:28.735000+00:00
LABS-services-policy,ocid1.tenancy.oc1..aaaaaaaafvbrqwizb2l62d7o46h622ibhfp2at56cfjxak7x3jqgh42ligrq,Allow service opensearch to use subnets in tenancy,ACTIVE,2023-01-31T09:47:28.735000+00:00
LABS-services-policy,ocid1.tenancy.oc1..aaaaaaaafvbrqwizb2l62d7o46h622ibhfp2at56cfjxak7x3jqgh42ligrq,Allow service opensearch to use network-security-groups in tenancy,ACTIVE,2023-01-31T09:47:28.735000+00:00
LABS-services-policy,ocid1.tenancy.oc1..aaaaaaaafvbrqwizb2l62d7o46h622ibhfp2at56cfjxak7x3jqgh42ligrq,Allow service FaaS to manage volume-family in tenancy,ACTIVE,2023-01-31T09:47:28.735000+00:00
LABS-services-policy,ocid1.tenancy.oc1..aaaaaaaafvbrqwizb2l62d7o46h622ibhfp2at56cfjxak7x3jqgh42ligrq,allow service loganalytics to {EVENTRULE_READ} in tenancy,ACTIVE,2023-01-31T09:47:28.735000+00:00
LABS-services-policy,ocid1.tenancy.oc1..aaaaaaaafvbrqwizb2l62d7o46h622ibhfp2at56cfjxak7x3jqgh42ligrq,allow service loganalytics to {LOAD_BALANCER_READ} in tenancy,ACTIVE,2023-01-31T09:47:28.735000+00:00
LABS-services-policy,ocid1.tenancy.oc1..aaaaaaaafvbrqwizb2l62d7o46h622ibhfp2at56cfjxak7x3jqgh42ligrq,allow service loganalytics to {BUCKET_READ} in tenancy,ACTIVE,2023-01-31T09:47:28.735000+00:00
LABS-services-policy,ocid1.tenancy.oc1..aaaaaaaafvbrqwizb2l62d7o46h622ibhfp2at56cfjxak7x3jqgh42ligrq,allow service loganalytics to read functions-family in tenancy,ACTIVE,2023-01-31T09:47:28.735000+00:00
LABS-services-policy,ocid1.tenancy.oc1..aaaaaaaafvbrqwizb2l62d7o46h622ibhfp2at56cfjxak7x3jqgh42ligrq,allow service loganalytics to read api-gateway-family in tenancy,ACTIVE,2023-01-31T09:47:28.735000+00:00
LABS-services-policy,ocid1.tenancy.oc1..aaaaaaaafvbrqwizb2l62d7o46h622ibhfp2at56cfjxak7x3jqgh42ligrq,allow service loganalytics to {VNIC_READ} in tenancy,ACTIVE,2023-01-31T09:47:28.735000+00:00
LABS-services-policy,ocid1.tenancy.oc1..aaaaaaaafvbrqwizb2l62d7o46h622ibhfp2at56cfjxak7x3jqgh42ligrq,allow service loganalytics to {APPROVED_SENDER_READ} in tenancy,ACTIVE,2023-01-31T09:47:28.735000+00:00
LABS-services-policy,ocid1.tenancy.oc1..aaaaaaaafvbrqwizb2l62d7o46h622ibhfp2at56cfjxak7x3jqgh42ligrq,allow service loganalytics to {IPSEC_CONNECTION_READ} in tenancy,ACTIVE,2023-01-31T09:47:28.735000+00:00
LABS-services-policy,ocid1.tenancy.oc1..aaaaaaaafvbrqwizb2l62d7o46h622ibhfp2at56cfjxak7x3jqgh42ligrq,allow service loganalytics to {WEB_APP_FIREWALL_READ} in tenancy,ACTIVE,2023-01-31T09:47:28.735000+00:00
LABS-services-policy,ocid1.tenancy.oc1..aaaaaaaafvbrqwizb2l62d7o46h622ibhfp2at56cfjxak7x3jqgh42ligrq,allow service loganalytics to read operator-control-family in tenancy,ACTIVE,2023-01-31T09:47:28.735000+00:00
LABS-services-policy,ocid1.tenancy.oc1..aaaaaaaafvbrqwizb2l62d7o46h622ibhfp2at56cfjxak7x3jqgh42ligrq,allow service loganalytics to {NETWORK_FIREWALL_READ} in tenancy,ACTIVE,2023-01-31T09:47:28.735000+00:00
LABS-services-policy,ocid1.tenancy.oc1..aaaaaaaafvbrqwizb2l62d7o46h622ibhfp2at56cfjxak7x3jqgh42ligrq,allow service loganalytics to {DEVOPS_DEPLOYMENT_READ} in tenancy,ACTIVE,2023-01-31T09:47:28.735000+00:00
LABS-services-policy,ocid1.tenancy.oc1..aaaaaaaafvbrqwizb2l62d7o46h622ibhfp2at56cfjxak7x3jqgh42ligrq,allow service loganalytics to {DEVOPS_DEPLOY_PIPELINE_READ} in tenancy,ACTIVE,2023-01-31T09:47:28.735000+00:00
LABS-services-policy,ocid1.tenancy.oc1..aaaaaaaafvbrqwizb2l62d7o46h622ibhfp2at56cfjxak7x3jqgh42ligrq,allow service loganalytics to {DEVOPS_DEPLOY_STAGE_READ} in tenancy,ACTIVE,2023-01-31T09:47:28.735000+00:00
LABS-services-policy,ocid1.tenancy.oc1..aaaaaaaafvbrqwizb2l62d7o46h622ibhfp2at56cfjxak7x3jqgh42ligrq,allow service loganalytics to {APM_DOMAIN_READ} in tenancy,ACTIVE,2023-01-31T09:47:28.735000+00:00
LABS-services-policy,ocid1.tenancy.oc1..aaaaaaaafvbrqwizb2l62d7o46h622ibhfp2at56cfjxak7x3jqgh42ligrq,allow service loganalytics to {SERVICE_CONNECTOR_READ} in tenancy,ACTIVE,2023-01-31T09:47:28.735000+00:00
LABS-services-policy,ocid1.tenancy.oc1..aaaaaaaafvbrqwizb2l62d7o46h622ibhfp2at56cfjxak7x3jqgh42ligrq,allow service loganalytics to {DATAFLOW_APPLICATION_READ} in tenancy,ACTIVE,2023-01-31T09:47:28.735000+00:00
LABS-services-policy,ocid1.tenancy.oc1..aaaaaaaafvbrqwizb2l62d7o46h622ibhfp2at56cfjxak7x3jqgh42ligrq,allow service loganalytics to {MEDIA_WORKFLOW_READ} in tenancy,ACTIVE,2023-01-31T09:47:28.735000+00:00
LABS-services-policy,ocid1.tenancy.oc1..aaaaaaaafvbrqwizb2l62d7o46h622ibhfp2at56cfjxak7x3jqgh42ligrq,allow service loganalytics to {MEDIA_WORKFLOW_JOB_READ} in tenancy,ACTIVE,2023-01-31T09:47:28.735000+00:00
LABS-services-policy,ocid1.tenancy.oc1..aaaaaaaafvbrqwizb2l62d7o46h622ibhfp2at56cfjxak7x3jqgh42ligrq,allow service loganalytics to {CLUSTER_READ} in tenancy,ACTIVE,2023-01-31T09:47:28.735000+00:00
LABS-services-policy,ocid1.tenancy.oc1..aaaaaaaafvbrqwizb2l62d7o46h622ibhfp2at56cfjxak7x3jqgh42ligrq,allow service loganalytics to {GOLDENGATE_DEPLOYMENT_READ} in tenancy,ACTIVE,2023-01-31T09:47:28.735000+00:00
LABS-user-policy,ocid1.tenancy.oc1..aaaaaaaafvbrqwizb2l62d7o46h622ibhfp2at56cfjxak7x3jqgh42ligrq,"Allow group LABS-group to read all-resources in tenancy where any {request.region = 'fra', request.region = 'ams'}",ACTIVE,2023-01-31T09:46:52.441000+00:00
LABS-user-policy,ocid1.tenancy.oc1..aaaaaaaafvbrqwizb2l62d7o46h622ibhfp2at56cfjxak7x3jqgh42ligrq,"Allow group LABS-group to manage all-resources in compartment LABS where any {request.region = 'fra', request.region = 'ams'}",ACTIVE,2023-01-31T09:46:52.441000+00:00
LABS-user-policy,ocid1.tenancy.oc1..aaaaaaaafvbrqwizb2l62d7o46h622ibhfp2at56cfjxak7x3jqgh42ligrq,"Allow group LABS-group to manage dynamic-groups in tenancy where any {request.region = 'fra', request.region = 'ams'}",ACTIVE,2023-01-31T09:46:52.441000+00:00
LABS-user-policy,ocid1.tenancy.oc1..aaaaaaaafvbrqwizb2l62d7o46h622ibhfp2at56cfjxak7x3jqgh42ligrq,"Allow group LABS-group to manage policies in tenancy where any {request.region = 'fra', request.region = 'ams'}",ACTIVE,2023-01-31T09:46:52.441000+00:00
LABS-user-policy,ocid1.tenancy.oc1..aaaaaaaafvbrqwizb2l62d7o46h622ibhfp2at56cfjxak7x3jqgh42ligrq,"ALLOW any-user to use functions-family in compartment LABS where ALL {request.principal.type =  'ApiGateway', request.resource.compartment.id  =  'ocid1.compartment.oc1..aaaaaaaabhsz3pbaw4z5zczor525g3ofnicvywbnsn4r46ay44xk46iqctoq'}",ACTIVE,2023-01-31T09:46:52.441000+00:00
LABS-user-policy,ocid1.tenancy.oc1..aaaaaaaafvbrqwizb2l62d7o46h622ibhfp2at56cfjxak7x3jqgh42ligrq,"Allow group LABS-group to manage data-safe-family in tenancy where any {request.region = 'fra', request.region = 'ams'}",ACTIVE,2023-01-31T09:46:52.441000+00:00
LABS-user-policy,ocid1.tenancy.oc1..aaaaaaaafvbrqwizb2l62d7o46h622ibhfp2at56cfjxak7x3jqgh42ligrq,"Allow group LABS-group to inspect groups in tenancy where any {request.region = 'fra', request.region = 'ams'}",ACTIVE,2023-01-31T09:46:52.441000+00:00
LABS-user-policy,ocid1.tenancy.oc1..aaaaaaaafvbrqwizb2l62d7o46h622ibhfp2at56cfjxak7x3jqgh42ligrq,"Allow group LABS-group to manage devops-repository in compartment LABS where any {request.region = 'fra', request.region = 'ams'}",ACTIVE,2023-01-31T09:46:52.441000+00:00
LABS-user-policy,ocid1.tenancy.oc1..aaaaaaaafvbrqwizb2l62d7o46h622ibhfp2at56cfjxak7x3jqgh42ligrq,"Allow group LABS-group to manage cloud-shell in tenancy where any {request.region = 'fra', request.region = 'ams'}",ACTIVE,2023-01-31T09:46:52.441000+00:00
LABS-user-policy,ocid1.tenancy.oc1..aaaaaaaafvbrqwizb2l62d7o46h622ibhfp2at56cfjxak7x3jqgh42ligrq,"Allow group LABS-group to manage repos in tenancy where any {request.region = 'fra', request.region = 'ams'}",ACTIVE,2023-01-31T09:46:52.441000+00:00
LABS-user-policy,ocid1.tenancy.oc1..aaaaaaaafvbrqwizb2l62d7o46h622ibhfp2at56cfjxak7x3jqgh42ligrq,"Allow group LABS-group to inspect work-requests in tenancy where any {request.region = 'fra', request.region = 'ams'}",ACTIVE,2023-01-31T09:46:52.441000+00:00
LABS-user-policy,ocid1.tenancy.oc1..aaaaaaaafvbrqwizb2l62d7o46h622ibhfp2at56cfjxak7x3jqgh42ligrq,"Allow group LABS-group to use metrics in tenancy where any {request.region = 'fra', request.region = 'ams'}",ACTIVE,2023-01-31T09:46:52.441000+00:00
LABS-user-policy,ocid1.tenancy.oc1..aaaaaaaafvbrqwizb2l62d7o46h622ibhfp2at56cfjxak7x3jqgh42ligrq,"Allow group LABS-group to read alarms in tenancy where any {request.region = 'fra', request.region = 'ams'}",ACTIVE,2023-01-31T09:46:52.441000+00:00
LABS-user-policy,ocid1.tenancy.oc1..aaaaaaaafvbrqwizb2l62d7o46h622ibhfp2at56cfjxak7x3jqgh42ligrq,"Allow group LABS-group to manage ocm-migration-family in compartment LABS where any {request.region = 'fra', request.region = 'ams'}",ACTIVE,2023-01-31T09:46:52.441000+00:00
LABS-user-policy,ocid1.tenancy.oc1..aaaaaaaafvbrqwizb2l62d7o46h622ibhfp2at56cfjxak7x3jqgh42ligrq,"Allow group LABS-group to manage orm-stacks in compartment LABS where any {request.region = 'fra', request.region = 'ams'}",ACTIVE,2023-01-31T09:46:52.441000+00:00
LABS-user-policy,ocid1.tenancy.oc1..aaaaaaaafvbrqwizb2l62d7o46h622ibhfp2at56cfjxak7x3jqgh42ligrq,Allow group LABS-group to read metrics in compartment LABS where target.metrics.namespace = 'ocb_asset',ACTIVE,2023-01-31T09:46:52.441000+00:00
LABS-user-policy,ocid1.tenancy.oc1..aaaaaaaafvbrqwizb2l62d7o46h622ibhfp2at56cfjxak7x3jqgh42ligrq,"Allow group LABS-group to {COMPARTMENT_INSPECT, COMPARTMENT_READ} in tenancy where any {request.region = 'fra', request.region = 'ams'}",ACTIVE,2023-01-31T09:46:52.441000+00:00
LABS-user-policy,ocid1.tenancy.oc1..aaaaaaaafvbrqwizb2l62d7o46h622ibhfp2at56cfjxak7x3jqgh42ligrq,"Allow group LABS-group to manage ocm-migration in compartment LABS where any {request.region = 'fra', request.region = 'ams'}",ACTIVE,2023-01-31T09:46:52.441000+00:00
LABS-user-policy,ocid1.tenancy.oc1..aaaaaaaafvbrqwizb2l62d7o46h622ibhfp2at56cfjxak7x3jqgh42ligrq,"Allow group LABS-group to manage ocm-migration-asset in compartment LABS where any {request.region = 'fra', request.region = 'ams'}",ACTIVE,2023-01-31T09:46:52.441000+00:00
LABS-user-policy,ocid1.tenancy.oc1..aaaaaaaafvbrqwizb2l62d7o46h622ibhfp2at56cfjxak7x3jqgh42ligrq,"Allow group LABS-group to manage ocm-migration-plan in compartment LABS where any {request.region = 'fra', request.region = 'ams'}",ACTIVE,2023-01-31T09:46:52.441000+00:00
LABS-user-policy,ocid1.tenancy.oc1..aaaaaaaafvbrqwizb2l62d7o46h622ibhfp2at56cfjxak7x3jqgh42ligrq,"Allow group LABS-group to manage ocm-target-asset in compartment LABS where any {request.region = 'fra', request.region = 'ams'}",ACTIVE,2023-01-31T09:46:52.441000+00:00
LABS-user-policy,ocid1.tenancy.oc1..aaaaaaaafvbrqwizb2l62d7o46h622ibhfp2at56cfjxak7x3jqgh42ligrq,"Allow group LABS-group to manage ocm-replication-task in compartment LABS where any {request.region = 'fra', request.region = 'ams'}",ACTIVE,2023-01-31T09:46:52.441000+00:00
LABS-user-policy,ocid1.tenancy.oc1..aaaaaaaafvbrqwizb2l62d7o46h622ibhfp2at56cfjxak7x3jqgh42ligrq,"Allow group LABS-group to manage ocm-connector in compartment LABS where any {request.region = 'fra', request.region = 'ams'}",ACTIVE,2023-01-31T09:46:52.441000+00:00
LABS-user-policy,ocid1.tenancy.oc1..aaaaaaaafvbrqwizb2l62d7o46h622ibhfp2at56cfjxak7x3jqgh42ligrq,"Allow group LABS-group to manage ocm-replication-schedule in compartment LABS where any {request.region = 'fra', request.region = 'ams'}",ACTIVE,2023-01-31T09:46:52.441000+00:00
LABS-user-policy,ocid1.tenancy.oc1..aaaaaaaafvbrqwizb2l62d7o46h622ibhfp2at56cfjxak7x3jqgh42ligrq,"Allow group LABS-group to manage ocb-inventory in tenancy where any {request.region = 'fra', request.region = 'ams'}",ACTIVE,2023-01-31T09:46:52.441000+00:00
LABS-user-policy,ocid1.tenancy.oc1..aaaaaaaafvbrqwizb2l62d7o46h622ibhfp2at56cfjxak7x3jqgh42ligrq,"Allow group LABS-group to manage ocb-inventory-asset in compartment LABS where any {request.region = 'fra', request.region = 'ams'}",ACTIVE,2023-01-31T09:46:52.441000+00:00
LABS-user-policy,ocid1.tenancy.oc1..aaaaaaaafvbrqwizb2l62d7o46h622ibhfp2at56cfjxak7x3jqgh42ligrq,"Allow group LABS-group to manage ocb-agent in compartment LABS where any {request.region = 'fra', request.region = 'ams'}",ACTIVE,2023-01-31T09:46:52.441000+00:00
LABS-user-policy,ocid1.tenancy.oc1..aaaaaaaafvbrqwizb2l62d7o46h622ibhfp2at56cfjxak7x3jqgh42ligrq,"Allow group LABS-group to manage ocb-environments in compartment LABS where any {request.region = 'fra', request.region = 'ams'}",ACTIVE,2023-01-31T09:46:52.441000+00:00
LABS-user-policy,ocid1.tenancy.oc1..aaaaaaaafvbrqwizb2l62d7o46h622ibhfp2at56cfjxak7x3jqgh42ligrq,"Allow group LABS-group to {OCB_INVENTORY_ASSET_READ} in tenancy where any {request.region = 'fra', request.region = 'ams'}",ACTIVE,2023-01-31T09:46:52.441000+00:00
LABS-user-policy,ocid1.tenancy.oc1..aaaaaaaafvbrqwizb2l62d7o46h622ibhfp2at56cfjxak7x3jqgh42ligrq,"ALLOW GROUP LABS-group TO MANAGE stack-monitoring-family IN COMPARTMENT LABS where any {request.region = 'fra', request.region = 'ams'}",ACTIVE,2023-01-31T09:46:52.441000+00:00
LABS-user-policy,ocid1.tenancy.oc1..aaaaaaaafvbrqwizb2l62d7o46h622ibhfp2at56cfjxak7x3jqgh42ligrq,"ALLOW GROUP LABS-group TO {MGMT_AGENT_DEPLOY_PLUGIN_CREATE, MGMT_AGENT_INSPECT, MGMT_AGENT_READ} IN COMPARTMENT LABS",ACTIVE,2023-01-31T09:46:52.441000+00:00
LABS-user-policy,ocid1.tenancy.oc1..aaaaaaaafvbrqwizb2l62d7o46h622ibhfp2at56cfjxak7x3jqgh42ligrq,"Allow group LABS-group to manage recovery-service-family in compartment LABS where any {request.region = 'fra', request.region = 'ams'}",ACTIVE,2023-01-31T09:46:52.441000+00:00
LABS-user-policy,ocid1.tenancy.oc1..aaaaaaaafvbrqwizb2l62d7o46h622ibhfp2at56cfjxak7x3jqgh42ligrq,"Allow group LABS-group to manage recovery-service-policy in compartment LABS where any {request.region = 'fra', request.region = 'ams'}",ACTIVE,2023-01-31T09:46:52.441000+00:00
LABS-user-policy,ocid1.tenancy.oc1..aaaaaaaafvbrqwizb2l62d7o46h622ibhfp2at56cfjxak7x3jqgh42ligrq,"Allow Group LABS-group to manage recovery-service-subnet in compartment LABS where any {request.region = 'fra', request.region = 'ams'}",ACTIVE,2023-01-31T09:46:52.441000+00:00
LABS-user-policy,ocid1.tenancy.oc1..aaaaaaaafvbrqwizb2l62d7o46h622ibhfp2at56cfjxak7x3jqgh42ligrq,"Allow group LABS-group to manage instance-agent-command-family in compartment LABS:marius.bostinaru where any {request.region = 'fra', request.region = 'ams'}",ACTIVE,2023-01-31T09:46:52.441000+00:00
LABS-user-policy,ocid1.tenancy.oc1..aaaaaaaafvbrqwizb2l62d7o46h622ibhfp2at56cfjxak7x3jqgh42ligrq,"Allow group LABS-group to manage odms-agent in compartment LABS:daniela.manta where any {request.region = 'fra', request.region = 'ams'}",ACTIVE,2023-01-31T09:46:52.441000+00:00
LABS-user-policy,ocid1.tenancy.oc1..aaaaaaaafvbrqwizb2l62d7o46h622ibhfp2at56cfjxak7x3jqgh42ligrq,"Allow group LABS-group to manage odms-connection in compartment LABS:daniela.manta where any {request.region = 'fra', request.region = 'ams'}",ACTIVE,2023-01-31T09:46:52.441000+00:00
LABS-user-policy,ocid1.tenancy.oc1..aaaaaaaafvbrqwizb2l62d7o46h622ibhfp2at56cfjxak7x3jqgh42ligrq,"Allow group LABS-group to manage odms-job in compartment LABS:daniela.manta where any {request.region = 'fra', request.region = 'ams'}",ACTIVE,2023-01-31T09:46:52.441000+00:00
LABS-user-policy,ocid1.tenancy.oc1..aaaaaaaafvbrqwizb2l62d7o46h622ibhfp2at56cfjxak7x3jqgh42ligrq,"Allow group LABS-group to manage odms-migration in compartment LABS:daniela.manta where any {request.region = 'fra', request.region = 'ams'}",ACTIVE,2023-01-31T09:46:52.441000+00:00
LABS-user-policy,ocid1.tenancy.oc1..aaaaaaaafvbrqwizb2l62d7o46h622ibhfp2at56cfjxak7x3jqgh42ligrq,"Allow group LABS-group to manage vn-path-analyzer-test in tenancy where any {request.region = 'fra', request.region = 'ams'}",ACTIVE,2023-01-31T09:46:52.441000+00:00
LABS-user-policy,ocid1.tenancy.oc1..aaaaaaaafvbrqwizb2l62d7o46h622ibhfp2at56cfjxak7x3jqgh42ligrq,"Allow group LABS-group to manage data-safe-security-policy-reports in tenancy where any {request.region = 'fra', request.region = 'ams'}",ACTIVE,2023-01-31T09:46:52.441000+00:00
LABS-user-policy,ocid1.tenancy.oc1..aaaaaaaafvbrqwizb2l62d7o46h622ibhfp2at56cfjxak7x3jqgh42ligrq,"Allow group LABS-group to use cloud-shell-public-network in tenancy where any {request.region = 'fra', request.region = 'ams'}",ACTIVE,2023-01-31T09:46:52.441000+00:00
LABS-user-policy,ocid1.tenancy.oc1..aaaaaaaafvbrqwizb2l62d7o46h622ibhfp2at56cfjxak7x3jqgh42ligrq,"Allow group LABS-group to manage instance-agent-command-family in tenancy where any {request.region = 'fra', request.region = 'ams'}",ACTIVE,2023-01-31T09:46:52.441000+00:00
LABS-user-policy,ocid1.tenancy.oc1..aaaaaaaafvbrqwizb2l62d7o46h622ibhfp2at56cfjxak7x3jqgh42ligrq,"Allow group LABS-group to manage waas-family in tenancy where any {request.region = 'fra', request.region = 'ams'}",ACTIVE,2023-01-31T09:46:52.441000+00:00
LABS-user-policy,ocid1.tenancy.oc1..aaaaaaaafvbrqwizb2l62d7o46h622ibhfp2at56cfjxak7x3jqgh42ligrq,"Allow group LABS-group to manage opensearch-family in tenancy where any {request.region = 'fra', request.region = 'ams'}",ACTIVE,2023-01-31T09:46:52.441000+00:00
LABS-user-policy,ocid1.tenancy.oc1..aaaaaaaafvbrqwizb2l62d7o46h622ibhfp2at56cfjxak7x3jqgh42ligrq,"Allow group LABS-group to manage generative-ai-family in tenancy where any {request.region = 'fra', request.region = 'ams'}",ACTIVE,2023-01-31T09:46:52.441000+00:00
LABS-user-policy,ocid1.tenancy.oc1..aaaaaaaafvbrqwizb2l62d7o46h622ibhfp2at56cfjxak7x3jqgh42ligrq,"Allow ANY-USER to manage object-family in tenancy WHERE ALL {request.principal.type='opensearchcluster', request.resource.compartment.id='ocid1.compartment.oc1..aaaaaaaay7knsgzhdj3lpqftrkuccybnw6vp3xl4nm2mwqnibgyjbuzzoqsq'}",ACTIVE,2023-01-31T09:46:52.441000+00:00
LABS-user-policy,ocid1.tenancy.oc1..aaaaaaaafvbrqwizb2l62d7o46h622ibhfp2at56cfjxak7x3jqgh42ligrq,"Allow ANY-USER to manage generative-ai-family in tenancy WHERE ALL {request.principal.type='opensearchcluster', request.resource.compartment.id='ocid1.compartment.oc1..aaaaaaaay7knsgzhdj3lpqftrkuccybnw6vp3xl4nm2mwqnibgyjbuzzoqsq'}",ACTIVE,2023-01-31T09:46:52.441000+00:00
LABS-user-policy,ocid1.tenancy.oc1..aaaaaaaafvbrqwizb2l62d7o46h622ibhfp2at56cfjxak7x3jqgh42ligrq,Allow group LABS-group to use cloud-shell-public-network in compartment labs:marius.bostinaru:testmb.xgoucrjd,ACTIVE,2023-01-31T09:46:52.441000+00:00
LABS-user-policy,ocid1.tenancy.oc1..aaaaaaaafvbrqwizb2l62d7o46h622ibhfp2at56cfjxak7x3jqgh42ligrq,Allow group Default/LABS-acotest to manage suppressions in tenancy,ACTIVE,2023-01-31T09:46:52.441000+00:00
LABS-users-zurich,ocid1.tenancy.oc1..aaaaaaaafvbrqwizb2l62d7o46h622ibhfp2at56cfjxak7x3jqgh42ligrq,Allow group LABS-group-zurich to read all-resources in tenancy where any {request.region = 'zrh'},ACTIVE,2024-07-25T10:48:55.260000+00:00
LABS-users-zurich,ocid1.tenancy.oc1..aaaaaaaafvbrqwizb2l62d7o46h622ibhfp2at56cfjxak7x3jqgh42ligrq,Allow group LABS-group-zurich to manage all-resources in compartment LABS where any {request.region = 'zrh'},ACTIVE,2024-07-25T10:48:55.260000+00:00
LABS-users-zurich,ocid1.tenancy.oc1..aaaaaaaafvbrqwizb2l62d7o46h622ibhfp2at56cfjxak7x3jqgh42ligrq,Allow group LABS-group-zurich to manage dynamic-groups in tenancy where any {request.region = 'zrh'},ACTIVE,2024-07-25T10:48:55.260000+00:00
LABS-users-zurich,ocid1.tenancy.oc1..aaaaaaaafvbrqwizb2l62d7o46h622ibhfp2at56cfjxak7x3jqgh42ligrq,Allow group LABS-group-zurich to manage policies in tenancy where any {request.region = 'zrh'},ACTIVE,2024-07-25T10:48:55.260000+00:00
LABS-users-zurich,ocid1.tenancy.oc1..aaaaaaaafvbrqwizb2l62d7o46h622ibhfp2at56cfjxak7x3jqgh42ligrq,Allow group LABS-group-zurich to manage data-safe-family in tenancy where any {request.region = 'zrh'},ACTIVE,2024-07-25T10:48:55.260000+00:00
LABS-users-zurich,ocid1.tenancy.oc1..aaaaaaaafvbrqwizb2l62d7o46h622ibhfp2at56cfjxak7x3jqgh42ligrq,Allow group LABS-group-zurich to inspect groups in tenancy where any {request.region = 'zrh'},ACTIVE,2024-07-25T10:48:55.260000+00:00
LABS-users-zurich,ocid1.tenancy.oc1..aaaaaaaafvbrqwizb2l62d7o46h622ibhfp2at56cfjxak7x3jqgh42ligrq,Allow group LABS-group-zurich to manage devops-repository in compartment LABS where any {request.region = 'zrh'},ACTIVE,2024-07-25T10:48:55.260000+00:00
LABS-users-zurich,ocid1.tenancy.oc1..aaaaaaaafvbrqwizb2l62d7o46h622ibhfp2at56cfjxak7x3jqgh42ligrq,Allow group LABS-group-zurich to manage cloud-shell in tenancy where any {request.region = 'zrh'},ACTIVE,2024-07-25T10:48:55.260000+00:00
LABS-users-zurich,ocid1.tenancy.oc1..aaaaaaaafvbrqwizb2l62d7o46h622ibhfp2at56cfjxak7x3jqgh42ligrq,Allow group LABS-group-zurich to manage repos in tenancy where any {request.region = 'zrh'},ACTIVE,2024-07-25T10:48:55.260000+00:00
LABS-users-zurich,ocid1.tenancy.oc1..aaaaaaaafvbrqwizb2l62d7o46h622ibhfp2at56cfjxak7x3jqgh42ligrq,Allow group LABS-group-zurich to inspect work-requests in tenancy where any {request.region = 'zrh'},ACTIVE,2024-07-25T10:48:55.260000+00:00
LABS-users-zurich,ocid1.tenancy.oc1..aaaaaaaafvbrqwizb2l62d7o46h622ibhfp2at56cfjxak7x3jqgh42ligrq,Allow group LABS-group-zurich to use metrics in tenancy where any {request.region = 'zrh'},ACTIVE,2024-07-25T10:48:55.260000+00:00
LABS-users-zurich,ocid1.tenancy.oc1..aaaaaaaafvbrqwizb2l62d7o46h622ibhfp2at56cfjxak7x3jqgh42ligrq,Allow group LABS-group-zurich to read alarms in tenancy where any {request.region = 'zrh'},ACTIVE,2024-07-25T10:48:55.260000+00:00
LABS-users-zurich,ocid1.tenancy.oc1..aaaaaaaafvbrqwizb2l62d7o46h622ibhfp2at56cfjxak7x3jqgh42ligrq,Allow group LABS-group-zurich to manage ocm-migration-family in compartment LABS where any {request.region = 'zrh'},ACTIVE,2024-07-25T10:48:55.260000+00:00
LABS-users-zurich,ocid1.tenancy.oc1..aaaaaaaafvbrqwizb2l62d7o46h622ibhfp2at56cfjxak7x3jqgh42ligrq,Allow group LABS-group-zurich to manage orm-stacks in compartment LABS where any {request.region = 'zrh'},ACTIVE,2024-07-25T10:48:55.260000+00:00
LABS-users-zurich,ocid1.tenancy.oc1..aaaaaaaafvbrqwizb2l62d7o46h622ibhfp2at56cfjxak7x3jqgh42ligrq,Allow group LABS-group-zurich to read metrics in compartment LABS where target.metrics.namespace = 'ocb_asset',ACTIVE,2024-07-25T10:48:55.260000+00:00
LABS-users-zurich,ocid1.tenancy.oc1..aaaaaaaafvbrqwizb2l62d7o46h622ibhfp2at56cfjxak7x3jqgh42ligrq,"Allow group LABS-group-zurich to {COMPARTMENT_INSPECT, COMPARTMENT_READ} in tenancy where any {request.region = 'zrh'}",ACTIVE,2024-07-25T10:48:55.260000+00:00
LABS-users-zurich,ocid1.tenancy.oc1..aaaaaaaafvbrqwizb2l62d7o46h622ibhfp2at56cfjxak7x3jqgh42ligrq,Allow group LABS-group-zurich to manage ocm-migration in compartment LABS where any {request.region = 'zrh'},ACTIVE,2024-07-25T10:48:55.260000+00:00
LABS-users-zurich,ocid1.tenancy.oc1..aaaaaaaafvbrqwizb2l62d7o46h622ibhfp2at56cfjxak7x3jqgh42ligrq,Allow group LABS-group-zurich to manage ocm-migration-asset in compartment LABS where any {request.region = 'zrh'},ACTIVE,2024-07-25T10:48:55.260000+00:00
LABS-users-zurich,ocid1.tenancy.oc1..aaaaaaaafvbrqwizb2l62d7o46h622ibhfp2at56cfjxak7x3jqgh42ligrq,Allow group LABS-group-zurich to manage ocm-migration-plan in compartment LABS where any {request.region = 'zrh'},ACTIVE,2024-07-25T10:48:55.260000+00:00
LABS-users-zurich,ocid1.tenancy.oc1..aaaaaaaafvbrqwizb2l62d7o46h622ibhfp2at56cfjxak7x3jqgh42ligrq,Allow group LABS-group-zurich to manage ocm-target-asset in compartment LABS where any {request.region = 'zrh'},ACTIVE,2024-07-25T10:48:55.260000+00:00
LABS-users-zurich,ocid1.tenancy.oc1..aaaaaaaafvbrqwizb2l62d7o46h622ibhfp2at56cfjxak7x3jqgh42ligrq,Allow group LABS-group-zurich to manage ocm-replication-task in compartment LABS where any {request.region = 'zrh'},ACTIVE,2024-07-25T10:48:55.260000+00:00
LABS-users-zurich,ocid1.tenancy.oc1..aaaaaaaafvbrqwizb2l62d7o46h622ibhfp2at56cfjxak7x3jqgh42ligrq,Allow group LABS-group-zurich to manage ocm-connector in compartment LABS where any {request.region = 'zrh'},ACTIVE,2024-07-25T10:48:55.260000+00:00
LABS-users-zurich,ocid1.tenancy.oc1..aaaaaaaafvbrqwizb2l62d7o46h622ibhfp2at56cfjxak7x3jqgh42ligrq,Allow group LABS-group-zurich to manage ocm-replication-schedule in compartment LABS where any {request.region = 'zrh'},ACTIVE,2024-07-25T10:48:55.260000+00:00
LABS-users-zurich,ocid1.tenancy.oc1..aaaaaaaafvbrqwizb2l62d7o46h622ibhfp2at56cfjxak7x3jqgh42ligrq,Allow group LABS-group-zurich to manage ocb-inventory in tenancy where any {request.region = 'zrh'},ACTIVE,2024-07-25T10:48:55.260000+00:00
LABS-users-zurich,ocid1.tenancy.oc1..aaaaaaaafvbrqwizb2l62d7o46h622ibhfp2at56cfjxak7x3jqgh42ligrq,Allow group LABS-group-zurich to manage ocb-inventory-asset in compartment LABS where any {request.region = 'zrh'},ACTIVE,2024-07-25T10:48:55.260000+00:00
LABS-users-zurich,ocid1.tenancy.oc1..aaaaaaaafvbrqwizb2l62d7o46h622ibhfp2at56cfjxak7x3jqgh42ligrq,Allow group LABS-group-zurich to manage ocb-agent in compartment LABS where any {request.region = 'zrh'},ACTIVE,2024-07-25T10:48:55.260000+00:00
LABS-users-zurich,ocid1.tenancy.oc1..aaaaaaaafvbrqwizb2l62d7o46h622ibhfp2at56cfjxak7x3jqgh42ligrq,Allow group LABS-group-zurich to manage ocb-environments in compartment LABS where any {request.region = 'zrh'},ACTIVE,2024-07-25T10:48:55.260000+00:00
LABS-users-zurich,ocid1.tenancy.oc1..aaaaaaaafvbrqwizb2l62d7o46h622ibhfp2at56cfjxak7x3jqgh42ligrq,Allow group LABS-group-zurich to {OCB_INVENTORY_ASSET_READ} in tenancy where any {request.region = 'zrh'},ACTIVE,2024-07-25T10:48:55.260000+00:00
LABS-users-zurich,ocid1.tenancy.oc1..aaaaaaaafvbrqwizb2l62d7o46h622ibhfp2at56cfjxak7x3jqgh42ligrq,ALLOW GROUP LABS-group-zurich TO MANAGE stack-monitoring-family IN COMPARTMENT LABS where any {request.region = 'zrh'},ACTIVE,2024-07-25T10:48:55.260000+00:00
LABS-users-zurich,ocid1.tenancy.oc1..aaaaaaaafvbrqwizb2l62d7o46h622ibhfp2at56cfjxak7x3jqgh42ligrq,"ALLOW GROUP LABS-group-zurich TO {MGMT_AGENT_DEPLOY_PLUGIN_CREATE, MGMT_AGENT_INSPECT, MGMT_AGENT_READ} IN COMPARTMENT LABS",ACTIVE,2024-07-25T10:48:55.260000+00:00
LABS-users-zurich,ocid1.tenancy.oc1..aaaaaaaafvbrqwizb2l62d7o46h622ibhfp2at56cfjxak7x3jqgh42ligrq,Allow group LABS-group-zurich to manage recovery-service-family in compartment LABS where any {request.region = 'zrh'},ACTIVE,2024-07-25T10:48:55.260000+00:00
LABS-users-zurich,ocid1.tenancy.oc1..aaaaaaaafvbrqwizb2l62d7o46h622ibhfp2at56cfjxak7x3jqgh42ligrq,Allow group LABS-group-zurich to manage recovery-service-policy in compartment LABS where any {request.region = 'zrh'},ACTIVE,2024-07-25T10:48:55.260000+00:00
LABS-users-zurich,ocid1.tenancy.oc1..aaaaaaaafvbrqwizb2l62d7o46h622ibhfp2at56cfjxak7x3jqgh42ligrq,Allow Group LABS-group-zurich to manage recovery-service-subnet in compartment LABS where any {request.region = 'zrh'},ACTIVE,2024-07-25T10:48:55.260000+00:00
LABS-users-zurich,ocid1.tenancy.oc1..aaaaaaaafvbrqwizb2l62d7o46h622ibhfp2at56cfjxak7x3jqgh42ligrq,Allow group LABS-group-zurich to manage vn-path-analyzer-test in tenancy where any {request.region = 'zrh'},ACTIVE,2024-07-25T10:48:55.260000+00:00
LABS-users-zurich,ocid1.tenancy.oc1..aaaaaaaafvbrqwizb2l62d7o46h622ibhfp2at56cfjxak7x3jqgh42ligrq,Allow group LABS-group-zurich to manage data-safe-security-policy-reports in tenancy where any {request.region = 'zrh'},ACTIVE,2024-07-25T10:48:55.260000+00:00
LABS-users-zurich,ocid1.tenancy.oc1..aaaaaaaafvbrqwizb2l62d7o46h622ibhfp2at56cfjxak7x3jqgh42ligrq,Allow group LABS-group-zurich to use cloud-shell-public-network in tenancy where any {request.region = 'zrh'},ACTIVE,2024-07-25T10:48:55.260000+00:00
LABS-users-zurich,ocid1.tenancy.oc1..aaaaaaaafvbrqwizb2l62d7o46h622ibhfp2at56cfjxak7x3jqgh42ligrq,Allow group LABS-group-zurich to manage instance-agent-command-family in tenancy where any {request.region = 'zrh'},ACTIVE,2024-07-25T10:48:55.260000+00:00
logging_analytics_automatic_ingestion_policies,ocid1.tenancy.oc1..aaaaaaaafvbrqwizb2l62d7o46h622ibhfp2at56cfjxak7x3jqgh42ligrq,allow DYNAMIC-GROUP logging_analytics_agent to manage management-agents IN COMPARTMENT Management-Agents,ACTIVE,2023-03-23T07:59:55.829000+00:00
logging_analytics_automatic_ingestion_policies,ocid1.tenancy.oc1..aaaaaaaafvbrqwizb2l62d7o46h622ibhfp2at56cfjxak7x3jqgh42ligrq,allow DYNAMIC-GROUP logging_analytics_agent to use METRICS IN COMPARTMENT Management-Agents,ACTIVE,2023-03-23T07:59:55.829000+00:00
logging_analytics_automatic_ingestion_policies,ocid1.tenancy.oc1..aaaaaaaafvbrqwizb2l62d7o46h622ibhfp2at56cfjxak7x3jqgh42ligrq,allow DYNAMIC-GROUP logging_analytics_agent to {LOG_ANALYTICS_LOG_GROUP_UPLOAD_LOGS} in tenancy,ACTIVE,2023-03-23T07:59:55.829000+00:00
logging_analytics_automatic_ingestion_policies,ocid1.tenancy.oc1..aaaaaaaafvbrqwizb2l62d7o46h622ibhfp2at56cfjxak7x3jqgh42ligrq,allow DYNAMIC-GROUP logging_analytics_agent to read USERS in tenancy,ACTIVE,2023-03-23T07:59:55.829000+00:00
logging_analytics_automatic_ingestion_policies,ocid1.tenancy.oc1..aaaaaaaafvbrqwizb2l62d7o46h622ibhfp2at56cfjxak7x3jqgh42ligrq,allow service loganalytics to {EVENTRULE_READ} in tenancy,ACTIVE,2023-03-23T07:59:55.829000+00:00
logging_analytics_automatic_ingestion_policies,ocid1.tenancy.oc1..aaaaaaaafvbrqwizb2l62d7o46h622ibhfp2at56cfjxak7x3jqgh42ligrq,allow service loganalytics to {LOAD_BALANCER_READ} in tenancy,ACTIVE,2023-03-23T07:59:55.829000+00:00
logging_analytics_automatic_ingestion_policies,ocid1.tenancy.oc1..aaaaaaaafvbrqwizb2l62d7o46h622ibhfp2at56cfjxak7x3jqgh42ligrq,allow service loganalytics to {BUCKET_READ} in tenancy,ACTIVE,2023-03-23T07:59:55.829000+00:00
logging_analytics_automatic_ingestion_policies,ocid1.tenancy.oc1..aaaaaaaafvbrqwizb2l62d7o46h622ibhfp2at56cfjxak7x3jqgh42ligrq,allow service loganalytics to read functions-family in tenancy,ACTIVE,2023-03-23T07:59:55.829000+00:00
logging_analytics_automatic_ingestion_policies,ocid1.tenancy.oc1..aaaaaaaafvbrqwizb2l62d7o46h622ibhfp2at56cfjxak7x3jqgh42ligrq,allow service loganalytics to read api-gateway-family in tenancy,ACTIVE,2023-03-23T07:59:55.829000+00:00
logging_analytics_automatic_ingestion_policies,ocid1.tenancy.oc1..aaaaaaaafvbrqwizb2l62d7o46h622ibhfp2at56cfjxak7x3jqgh42ligrq,allow service loganalytics to {VNIC_READ} in tenancy,ACTIVE,2023-03-23T07:59:55.829000+00:00
logging_analytics_automatic_ingestion_policies,ocid1.tenancy.oc1..aaaaaaaafvbrqwizb2l62d7o46h622ibhfp2at56cfjxak7x3jqgh42ligrq,"allow any-user to {LOG_ANALYTICS_LOG_GROUP_UPLOAD_LOGS} in compartment id ocid1.tenancy.oc1..aaaaaaaafvbrqwizb2l62d7o46h622ibhfp2at56cfjxak7x3jqgh42ligrq where all {request.principal.type='serviceconnector', target.loganalytics-log-group.id='ocid1.loganalyticsloggroup.oc1.eu-frankfurt-1.amaaaaaao7vto7iaz4ccsznuniktmigcyctaseesqflh35ge6hcztsrloweq', request.principal.compartment.id='ocid1.tenancy.oc1..aaaaaaaafvbrqwizb2l62d7o46h622ibhfp2at56cfjxak7x3jqgh42ligrq'}",ACTIVE,2023-03-23T07:59:55.829000+00:00
logging_analytics_automatic_ingestion_policies,ocid1.tenancy.oc1..aaaaaaaafvbrqwizb2l62d7o46h622ibhfp2at56cfjxak7x3jqgh42ligrq,"allow any-user to {LOG_ANALYTICS_LOG_GROUP_UPLOAD_LOGS} in compartment id ocid1.tenancy.oc1..aaaaaaaafvbrqwizb2l62d7o46h622ibhfp2at56cfjxak7x3jqgh42ligrq where all {request.principal.type='serviceconnector', target.loganalytics-log-group.id='ocid1.loganalyticsloggroup.oc1.eu-amsterdam-1.amaaaaaao7vto7iatr23uylojhhulnqgcpmprpfxhouuf3bp3oc44y7nbeya', request.principal.compartment.id='ocid1.tenancy.oc1..aaaaaaaafvbrqwizb2l62d7o46h622ibhfp2at56cfjxak7x3jqgh42ligrq'}",ACTIVE,2023-03-23T07:59:55.829000+00:00
logging_analytics_automatic_oci_discovery_policies,ocid1.tenancy.oc1..aaaaaaaafvbrqwizb2l62d7o46h622ibhfp2at56cfjxak7x3jqgh42ligrq,allow service loganalytics to {LOAD_BALANCER_READ} in tenancy,ACTIVE,2023-11-21T05:56:51.706000+00:00
logging_analytics_automatic_oci_discovery_policies,ocid1.tenancy.oc1..aaaaaaaafvbrqwizb2l62d7o46h622ibhfp2at56cfjxak7x3jqgh42ligrq,"allow any-user to {LOG_ANALYTICS_LOG_GROUP_UPLOAD_LOGS} in compartment id ocid1.tenancy.oc1..aaaaaaaafvbrqwizb2l62d7o46h622ibhfp2at56cfjxak7x3jqgh42ligrq where all {request.principal.type='serviceconnector', target.loganalytics-log-group.id='ocid1.loganalyticsloggroup.oc1.eu-frankfurt-1.amaaaaaao7vto7iat6rsupl22zibjlabwyak77ywt5ua2xk4a5bmao25scfa', request.principal.compartment.id='ocid1.tenancy.oc1..aaaaaaaafvbrqwizb2l62d7o46h622ibhfp2at56cfjxak7x3jqgh42ligrq'}",ACTIVE,2023-11-21T05:56:51.706000+00:00
logging_analytics_automatic_oci_discovery_policies,ocid1.tenancy.oc1..aaaaaaaafvbrqwizb2l62d7o46h622ibhfp2at56cfjxak7x3jqgh42ligrq,"allow any-user to {LOG_ANALYTICS_LOG_GROUP_UPLOAD_LOGS} in compartment id ocid1.compartment.oc1..aaaaaaaad2efu3v2655g5uyuv5n4s3dsmgxxi3xnu4vx2jooq7kmk5kztg5q where all {request.principal.type='serviceconnector', target.loganalytics-log-group.id='ocid1.loganalyticsloggroup.oc1.eu-frankfurt-1.amaaaaaao7vto7ia3lzzkevtwb4isxdxpudhsnkuv23vqb27xl5fcj6wo3fq', request.principal.compartment.id='ocid1.compartment.oc1..aaaaaaaad2efu3v2655g5uyuv5n4s3dsmgxxi3xnu4vx2jooq7kmk5kztg5q'}",ACTIVE,2023-11-21T05:56:51.706000+00:00
logging_analytics_automatic_oci_discovery_policies,ocid1.tenancy.oc1..aaaaaaaafvbrqwizb2l62d7o46h622ibhfp2at56cfjxak7x3jqgh42ligrq,allow service loganalytics to {CLUSTER_READ} in tenancy,ACTIVE,2023-11-21T05:56:51.706000+00:00
logging_analytics_automatic_oci_discovery_policies,ocid1.tenancy.oc1..aaaaaaaafvbrqwizb2l62d7o46h622ibhfp2at56cfjxak7x3jqgh42ligrq,allow service loganalytics to {WEB_APP_FIREWALL_READ} in tenancy,ACTIVE,2023-11-21T05:56:51.706000+00:00
logging_analytics_automatic_service_policies,ocid1.tenancy.oc1..aaaaaaaafvbrqwizb2l62d7o46h622ibhfp2at56cfjxak7x3jqgh42ligrq,define tenancy sampledata as ocid1.tenancy.oc1..aaaaaaaabmtv54v5bg45j7zd2eeat4df2bwfqkmxe2yy6ecdfrc36wloe4ia,ACTIVE,2023-03-23T07:59:29.350000+00:00
logging_analytics_automatic_service_policies,ocid1.tenancy.oc1..aaaaaaaafvbrqwizb2l62d7o46h622ibhfp2at56cfjxak7x3jqgh42ligrq,endorse group Administrators to read loganalytics-features-family in tenancy sampledata,ACTIVE,2023-03-23T07:59:29.350000+00:00
logging_analytics_automatic_service_policies,ocid1.tenancy.oc1..aaaaaaaafvbrqwizb2l62d7o46h622ibhfp2at56cfjxak7x3jqgh42ligrq,endorse group Administrators to read loganalytics-resources-family in tenancy sampledata,ACTIVE,2023-03-23T07:59:29.350000+00:00
logging_analytics_automatic_service_policies,ocid1.tenancy.oc1..aaaaaaaafvbrqwizb2l62d7o46h622ibhfp2at56cfjxak7x3jqgh42ligrq,endorse group Administrators to read compartments in tenancy sampledata,ACTIVE,2023-03-23T07:59:29.350000+00:00
logging_analytics_automatic_service_policies,ocid1.tenancy.oc1..aaaaaaaafvbrqwizb2l62d7o46h622ibhfp2at56cfjxak7x3jqgh42ligrq,allow service loganalytics to READ loganalytics-features-family in tenancy,ACTIVE,2023-03-23T07:59:29.350000+00:00
logging_analytics_automatic_service_policies,ocid1.tenancy.oc1..aaaaaaaafvbrqwizb2l62d7o46h622ibhfp2at56cfjxak7x3jqgh42ligrq,allow service loganalytics to READ compartments in tenancy,ACTIVE,2023-03-23T07:59:29.350000+00:00
Manage_OSS_Crosstenancy_Mtorne,ocid1.tenancy.oc1..aaaaaaaafvbrqwizb2l62d7o46h622ibhfp2at56cfjxak7x3jqgh42ligrq,DEFINE tenancy mtorne as ocid1.tenancy.oc1..aaaaaaaab5ylkao2ml53cunshbghogaigcfz6kn6yv6nkn4ximacrnaw4rvq,ACTIVE,2025-04-28T09:56:31.098000+00:00
Manage_OSS_Crosstenancy_Mtorne,ocid1.tenancy.oc1..aaaaaaaafvbrqwizb2l62d7o46h622ibhfp2at56cfjxak7x3jqgh42ligrq,DEFINE compartment Labs as ocid1.compartment.oc1..aaaaaaaa5n5kmhwdcog255km2sp2ecmklaxkd23i6m25btuh7rgexekv7dpa,ACTIVE,2025-04-28T09:56:31.098000+00:00
Manage_OSS_Crosstenancy_Mtorne,ocid1.tenancy.oc1..aaaaaaaafvbrqwizb2l62d7o46h622ibhfp2at56cfjxak7x3jqgh42ligrq,Endorse dynamic-group mtorne_instances_yellowstar  to manage objects in tenancy mtorne,ACTIVE,2025-04-28T09:56:31.098000+00:00
Manage_OSS_Crosstenancy_Mtorne,ocid1.tenancy.oc1..aaaaaaaafvbrqwizb2l62d7o46h622ibhfp2at56cfjxak7x3jqgh42ligrq,Endorse dynamic-group mtorne_instances_yellowstar  to manage buckets in tenancy mtorne,ACTIVE,2025-04-28T09:56:31.098000+00:00
Manage_OSS_Crosstenancy_Mtorne,ocid1.tenancy.oc1..aaaaaaaafvbrqwizb2l62d7o46h622ibhfp2at56cfjxak7x3jqgh42ligrq,Endorse group oss_group_mtorne to manage objects IN COMPARTMENT Labs of tenancy mtorne,ACTIVE,2025-04-28T09:56:31.098000+00:00
Manage_OSS_Crosstenancy_Mtorne,ocid1.tenancy.oc1..aaaaaaaafvbrqwizb2l62d7o46h622ibhfp2at56cfjxak7x3jqgh42ligrq,Endorse group oss_group_mtorne to read buckets IN COMPARTMENT Labs of tenancy mtorne,ACTIVE,2025-04-28T09:56:31.098000+00:00
metering_overlay_write_to_bucket,ocid1.tenancy.oc1..aaaaaaaafvbrqwizb2l62d7o46h622ibhfp2at56cfjxak7x3jqgh42ligrq,"Allow service metering_overlay to manage objects in tenancy where all {target.bucket.name='LLBucket', any {request.permission='OBJECT_CREATE', request.permission='OBJECT_DELETE', request.permission='OBJECT_READ'}}",ACTIVE,2024-02-09T14:37:10.800000+00:00
migration-test,ocid1.tenancy.oc1..aaaaaaaafvbrqwizb2l62d7o46h622ibhfp2at56cfjxak7x3jqgh42ligrq,Define tenancy OldTenancy as ocid1.tenancy.oc1..aaaaaaaaibrpsc2fhjxvmbla6gu327mkldqwaabj37gzhgorkfw4q46tznva,ACTIVE,2024-05-15T13:24:27.539000+00:00
migration-test,ocid1.tenancy.oc1..aaaaaaaafvbrqwizb2l62d7o46h622ibhfp2at56cfjxak7x3jqgh42ligrq,"Endorse group Administrators to use volumes in tenancy OldTenancy where ANY { request.operation = 'CreateVolume', request.operation='GetVolume', request.operation='CreateBootVolume', request.operation='GetBootVolume' }",ACTIVE,2024-05-15T13:24:27.539000+00:00
mtm_dataintegration_vault,ocid1.tenancy.oc1..aaaaaaaafvbrqwizb2l62d7o46h622ibhfp2at56cfjxak7x3jqgh42ligrq,define tenancy usage-report as ocid1.tenancy.oc1..aaaaaaaamhmra7tjzxzaronywihwj4ibgnifs27nxr5nvemeemmwtrtatr2q,ACTIVE,2024-01-23T10:46:55.622000+00:00
mtm_dataintegration_vault,ocid1.tenancy.oc1..aaaaaaaafvbrqwizb2l62d7o46h622ibhfp2at56cfjxak7x3jqgh42ligrq,endorse group Administrators to read objects in tenancy usage-report,ACTIVE,2024-01-23T10:46:55.622000+00:00
mtm_dataintegration_vault,ocid1.tenancy.oc1..aaaaaaaafvbrqwizb2l62d7o46h622ibhfp2at56cfjxak7x3jqgh42ligrq,Allow any-user to read secret-bundles in tenancy,ACTIVE,2024-01-23T10:46:55.622000+00:00
MySQLpolicy,ocid1.tenancy.oc1..aaaaaaaafvbrqwizb2l62d7o46h622ibhfp2at56cfjxak7x3jqgh42ligrq,"Allow group LABS-group to {SUBNET_READ, SUBNET_ATTACH, SUBNET_DETACH, VCN_READ, COMPARTMENT_INSPECT} in tenancy",ACTIVE,2023-03-17T10:12:22.982000+00:00
MySQLpolicy,ocid1.tenancy.oc1..aaaaaaaafvbrqwizb2l62d7o46h622ibhfp2at56cfjxak7x3jqgh42ligrq,Allow group LABS-group to manage mysql-family in tenancy,ACTIVE,2023-03-17T10:12:22.982000+00:00
MySQLpolicy,ocid1.tenancy.oc1..aaaaaaaafvbrqwizb2l62d7o46h622ibhfp2at56cfjxak7x3jqgh42ligrq,Allow group LABS-group to use tag-namespaces in tenancy,ACTIVE,2023-03-17T10:12:22.982000+00:00
Network_Path_Analyzer_Policy,ocid1.tenancy.oc1..aaaaaaaafvbrqwizb2l62d7o46h622ibhfp2at56cfjxak7x3jqgh42ligrq,allow group Administrators to manage vn-path-analyzer-test in tenancy,ACTIVE,2023-03-23T08:11:14.521000+00:00
Network_Path_Analyzer_Policy,ocid1.tenancy.oc1..aaaaaaaafvbrqwizb2l62d7o46h622ibhfp2at56cfjxak7x3jqgh42ligrq,allow any-user to inspect compartments in tenancy where all { request.principal.type = 'vnpa-service' },ACTIVE,2023-03-23T08:11:14.521000+00:00
Network_Path_Analyzer_Policy,ocid1.tenancy.oc1..aaaaaaaafvbrqwizb2l62d7o46h622ibhfp2at56cfjxak7x3jqgh42ligrq,allow any-user to read instances in tenancy where all { request.principal.type = 'vnpa-service' },ACTIVE,2023-03-23T08:11:14.521000+00:00
Network_Path_Analyzer_Policy,ocid1.tenancy.oc1..aaaaaaaafvbrqwizb2l62d7o46h622ibhfp2at56cfjxak7x3jqgh42ligrq,allow any-user to read virtual-network-family in tenancy where all { request.principal.type = 'vnpa-service' },ACTIVE,2023-03-23T08:11:14.521000+00:00
Network_Path_Analyzer_Policy,ocid1.tenancy.oc1..aaaaaaaafvbrqwizb2l62d7o46h622ibhfp2at56cfjxak7x3jqgh42ligrq,allow any-user to read load-balancers in tenancy where all { request.principal.type = 'vnpa-service' },ACTIVE,2023-03-23T08:11:14.521000+00:00
Network_Path_Analyzer_Policy,ocid1.tenancy.oc1..aaaaaaaafvbrqwizb2l62d7o46h622ibhfp2at56cfjxak7x3jqgh42ligrq,allow any-user to read network-security-group in tenancy where all { request.principal.type = 'vnpa-service' },ACTIVE,2023-03-23T08:11:14.521000+00:00
NFW-policy,ocid1.tenancy.oc1..aaaaaaaafvbrqwizb2l62d7o46h622ibhfp2at56cfjxak7x3jqgh42ligrq,Allow any-user to use secret-family in tenancy where ALL { request.principal.type = 'networkfirewallfamily' },ACTIVE,2024-10-29T11:58:06.514000+00:00
NFW-policy,ocid1.tenancy.oc1..aaaaaaaafvbrqwizb2l62d7o46h622ibhfp2at56cfjxak7x3jqgh42ligrq,Allow dynamic-group API-GW-Dynamic_Group to use secret-bundles in tenancy,ACTIVE,2024-10-29T11:58:06.514000+00:00
ObjectStorageReadersPolicy,ocid1.tenancy.oc1..aaaaaaaafvbrqwizb2l62d7o46h622ibhfp2at56cfjxak7x3jqgh42ligrq,Allow dynamic-group ObjectStorageReaders to read buckets in tenancy,ACTIVE,2023-10-31T14:45:06.949000+00:00
ObjectStorageReadersPolicy,ocid1.tenancy.oc1..aaaaaaaafvbrqwizb2l62d7o46h622ibhfp2at56cfjxak7x3jqgh42ligrq,Allow dynamic-group ObjectStorageReaders to read objects in tenancy,ACTIVE,2023-10-31T14:45:06.949000+00:00
oci-kubernetes-monitoring-85330d2aeaebfccad1d62f12b17e717e,ocid1.tenancy.oc1..aaaaaaaafvbrqwizb2l62d7o46h622ibhfp2at56cfjxak7x3jqgh42ligrq,Allow dynamic-group oci-kubernetes-monitoring-85330d2aeaebfccad1d62f12b17e717e to {LOG_ANALYTICS_LOG_GROUP_UPLOAD_LOGS} in tenancy,ACTIVE,2024-12-17T09:04:30.319000+00:00
oci-kubernetes-monitoring-85330d2aeaebfccad1d62f12b17e717e,ocid1.tenancy.oc1..aaaaaaaafvbrqwizb2l62d7o46h622ibhfp2at56cfjxak7x3jqgh42ligrq,Allow dynamic-group oci-kubernetes-monitoring-85330d2aeaebfccad1d62f12b17e717e to use METRICS in tenancy WHERE target.metrics.namespace = 'mgmtagent_kubernetes_metrics',ACTIVE,2024-12-17T09:04:30.319000+00:00
oci-kubernetes-monitoring-85330d2aeaebfccad1d62f12b17e717e,ocid1.tenancy.oc1..aaaaaaaafvbrqwizb2l62d7o46h622ibhfp2at56cfjxak7x3jqgh42ligrq,Allow dynamic-group oci-kubernetes-monitoring-85330d2aeaebfccad1d62f12b17e717e to {LOG_ANALYTICS_DISCOVERY_UPLOAD} in tenancy,ACTIVE,2024-12-17T09:04:30.319000+00:00
oci-openshift_control_plane_nodes_tags,ocid1.tenancy.oc1..aaaaaaaafvbrqwizb2l62d7o46h622ibhfp2at56cfjxak7x3jqgh42ligrq,Allow dynamic-group oci-openshift_control_plane_nodes to use tag-namespaces in tenancy,ACTIVE,2025-10-28T15:46:59.531000+00:00
oke-policy-workload,ocid1.tenancy.oc1..aaaaaaaafvbrqwizb2l62d7o46h622ibhfp2at56cfjxak7x3jqgh42ligrq,"Allow any-user to manage secret-family in tenancy where all {request.principal.namespace = 'cegid', request.principal.type = 'workload',request.principal.service_account = 'cegid-sa', request.principal.cluster_id = 'ocid1.cluster.oc1.eu-frankfurt-1.aaaaaaaa6a5enbsbpzw3zodryjystxuc4x6ul5ojofe77vcd2c4p42xfujqa'}",ACTIVE,2024-10-17T12:42:46.943000+00:00
oke-policy-workload,ocid1.tenancy.oc1..aaaaaaaafvbrqwizb2l62d7o46h622ibhfp2at56cfjxak7x3jqgh42ligrq,"Allow any-user to manage vault in tenancy where all {request.principal.namespace = 'cegid', request.principal.type = 'workload',request.principal.service_account = 'cegid-sa', request.principal.cluster_id = 'ocid1.cluster.oc1.eu-frankfurt-1.aaaaaaaa6a5enbsbpzw3zodryjystxuc4x6ul5ojofe77vcd2c4p42xfujqa'}",ACTIVE,2024-10-17T12:42:46.943000+00:00
oke-policy-workload,ocid1.tenancy.oc1..aaaaaaaafvbrqwizb2l62d7o46h622ibhfp2at56cfjxak7x3jqgh42ligrq,"Allow any-user to manage keys in tenancy where all {request.principal.namespace = 'cegid', request.principal.type = 'workload',request.principal.service_account = 'cegid-sa', request.principal.cluster_id = 'ocid1.cluster.oc1.eu-frankfurt-1.aaaaaaaa6a5enbsbpzw3zodryjystxuc4x6ul5ojofe77vcd2c4p42xfujqa'}",ACTIVE,2024-10-17T12:42:46.943000+00:00
oke-puller,ocid1.tenancy.oc1..aaaaaaaafvbrqwizb2l62d7o46h622ibhfp2at56cfjxak7x3jqgh42ligrq,Allow dynamic-group Default/oke-puller to read repos in compartment LABS:george.constantin,ACTIVE,2025-09-03T11:30:54.962000+00:00
oke_clusters_mtorne_policy,ocid1.tenancy.oc1..aaaaaaaafvbrqwizb2l62d7o46h622ibhfp2at56cfjxak7x3jqgh42ligrq,Allow any-user to manage instances in tenancy where all { request.principal.type = 'cluster' },ACTIVE,2025-01-13T13:53:04.597000+00:00
oke_clusters_mtorne_policy,ocid1.tenancy.oc1..aaaaaaaafvbrqwizb2l62d7o46h622ibhfp2at56cfjxak7x3jqgh42ligrq,Allow any-user to use private-ips in tenancy where all { request.principal.type = 'cluster' },ACTIVE,2025-01-13T13:53:04.597000+00:00
oke_clusters_mtorne_policy,ocid1.tenancy.oc1..aaaaaaaafvbrqwizb2l62d7o46h622ibhfp2at56cfjxak7x3jqgh42ligrq,Allow any-user to use network-security-groups in tenancy where all { request.principal.type = 'cluster' },ACTIVE,2025-01-13T13:53:04.597000+00:00
oke_virtual_node_policy,ocid1.tenancy.oc1..aaaaaaaafvbrqwizb2l62d7o46h622ibhfp2at56cfjxak7x3jqgh42ligrq,define tenancy ske as ocid1.tenancy.oc1..aaaaaaaacrvwsphodcje6wfbc3xsixhzcan5zihki6bvc7xkwqds4tqhzbaq,ACTIVE,2023-09-26T12:48:33.309000+00:00
oke_virtual_node_policy,ocid1.tenancy.oc1..aaaaaaaafvbrqwizb2l62d7o46h622ibhfp2at56cfjxak7x3jqgh42ligrq,define compartment ske_compartment as ocid1.compartment.oc1..aaaaaaaa2bou6r766wmrh5zt3vhu2rwdya7ahn4dfdtwzowb662cmtdc5fea,ACTIVE,2023-09-26T12:48:33.309000+00:00
oke_virtual_node_policy,ocid1.tenancy.oc1..aaaaaaaafvbrqwizb2l62d7o46h622ibhfp2at56cfjxak7x3jqgh42ligrq,"endorse any-user to associate compute-container-instances in compartment ske_compartment of tenancy ske with subnets in tenancy where ALL {request.principal.type='virtualnode',request.operation='CreateContainerInstance',request.principal.subnet=2.subnet.id}",ACTIVE,2023-09-26T12:48:33.309000+00:00
oke_virtual_node_policy,ocid1.tenancy.oc1..aaaaaaaafvbrqwizb2l62d7o46h622ibhfp2at56cfjxak7x3jqgh42ligrq,"endorse any-user to associate compute-container-instances in compartment ske_compartment of tenancy ske with vnics in tenancy where ALL {request.principal.type='virtualnode',request.operation='CreateContainerInstance',request.principal.subnet=2.subnet.id}",ACTIVE,2023-09-26T12:48:33.309000+00:00
oke_virtual_node_policy,ocid1.tenancy.oc1..aaaaaaaafvbrqwizb2l62d7o46h622ibhfp2at56cfjxak7x3jqgh42ligrq,"endorse any-user to associate compute-container-instances in compartment ske_compartment of tenancy ske with network-security-group in tenancy where ALL {request.principal.type='virtualnode',request.operation='CreateContainerInstance'}",ACTIVE,2023-09-26T12:48:33.309000+00:00
oke_virtual_node_policy,ocid1.tenancy.oc1..aaaaaaaafvbrqwizb2l62d7o46h622ibhfp2at56cfjxak7x3jqgh42ligrq,"Allow any-user to manage all-resources in compartment LABS:george.constantin where ALL { request.principal.type = 'workload', request.principal.namespace = 'autoscaler', request.principal.service_account = 'autoscaler-oci-oke-cluster-autoscaler', request.principal.cluster_id = 'ocid1.cluster.oc1.eu-amsterdam-1.aaaaaaaajz3bx25dhjpudix46raazaacf5cpxr5iv2np7augrcu7deq7dycq'}",ACTIVE,2023-09-26T12:48:33.309000+00:00
OKE_VNode_Policy,ocid1.tenancy.oc1..aaaaaaaafvbrqwizb2l62d7o46h622ibhfp2at56cfjxak7x3jqgh42ligrq,define tenancy ske as ocid1.tenancy.oc1..aaaaaaaacrvwsphodcje6wfbc3xsixhzcan5zihki6bvc7xkwqds4tqhzbaq,ACTIVE,2024-07-08T14:53:19.385000+00:00
OKE_VNode_Policy,ocid1.tenancy.oc1..aaaaaaaafvbrqwizb2l62d7o46h622ibhfp2at56cfjxak7x3jqgh42ligrq,define compartment ske_compartment as ocid1.compartment.oc1..aaaaaaaa2bou6r766wmrh5zt3vhu2rwdya7ahn4dfdtwzowb662cmtdc5fea,ACTIVE,2024-07-08T14:53:19.385000+00:00
OKE_VNode_Policy,ocid1.tenancy.oc1..aaaaaaaafvbrqwizb2l62d7o46h622ibhfp2at56cfjxak7x3jqgh42ligrq,"endorse any-user to associate compute-container-instances in compartment ske_compartment of tenancy ske with subnets in tenancy where ALL {request.principal.type='virtualnode',request.operation='CreateContainerInstance',request.principal.subnet=2.subnet.id}",ACTIVE,2024-07-08T14:53:19.385000+00:00
OKE_VNode_Policy,ocid1.tenancy.oc1..aaaaaaaafvbrqwizb2l62d7o46h622ibhfp2at56cfjxak7x3jqgh42ligrq,"endorse any-user to associate compute-container-instances in compartment ske_compartment of tenancy ske with vnics in tenancy where ALL {request.principal.type='virtualnode',request.operation='CreateContainerInstance',request.principal.subnet=2.subnet.id}",ACTIVE,2024-07-08T14:53:19.385000+00:00
OKE_VNode_Policy,ocid1.tenancy.oc1..aaaaaaaafvbrqwizb2l62d7o46h622ibhfp2at56cfjxak7x3jqgh42ligrq,"endorse any-user to associate compute-container-instances in compartment ske_compartment of tenancy ske with network-security-group in tenancy where ALL {request.principal.type='virtualnode',request.operation='CreateContainerInstance'}",ACTIVE,2024-07-08T14:53:19.385000+00:00
OKE_VNode_Policy,ocid1.tenancy.oc1..aaaaaaaafvbrqwizb2l62d7o46h622ibhfp2at56cfjxak7x3jqgh42ligrq,allow group LABS_oke_vn_group to manage cluster-virtualnode-pools in compartment LABS:marc.torne:cegid,ACTIVE,2024-07-08T14:53:19.385000+00:00
OKE_VNode_Policy,ocid1.tenancy.oc1..aaaaaaaafvbrqwizb2l62d7o46h622ibhfp2at56cfjxak7x3jqgh42ligrq,allow group LABS_oke_vn_group to read virtual-network-family in compartment LABS:marc.torne:cegid,ACTIVE,2024-07-08T14:53:19.385000+00:00
OKE_VNode_Policy,ocid1.tenancy.oc1..aaaaaaaafvbrqwizb2l62d7o46h622ibhfp2at56cfjxak7x3jqgh42ligrq,allow group  LABS_oke_vn_group to manage vnics in compartment LABS:marc.torne:cegid,ACTIVE,2024-07-08T14:53:19.385000+00:00
OKE_VNode_Policy,ocid1.tenancy.oc1..aaaaaaaafvbrqwizb2l62d7o46h622ibhfp2at56cfjxak7x3jqgh42ligrq,ALLOW any-user to manage volumes in TENANCY where request.principal.type = 'cluster',ACTIVE,2024-07-08T14:53:19.385000+00:00
OKE_VNode_Policy,ocid1.tenancy.oc1..aaaaaaaafvbrqwizb2l62d7o46h622ibhfp2at56cfjxak7x3jqgh42ligrq,ALLOW any-user to manage volume-attachments in TENANCY where request.principal.type = 'cluster',ACTIVE,2024-07-08T14:53:19.385000+00:00
OPSI_Service_Policy,ocid1.tenancy.oc1..aaaaaaaafvbrqwizb2l62d7o46h622ibhfp2at56cfjxak7x3jqgh42ligrq,"Allow any-user to read autonomous-database-family in tenancy where ALL { request.principal.type = 'opsidatabaseinsight', request.operation = 'GenerateAutonomousDatabaseWallet' }",ACTIVE,2025-06-16T11:05:37.251000+00:00
OPSI_Service_Policy,ocid1.tenancy.oc1..aaaaaaaafvbrqwizb2l62d7o46h622ibhfp2at56cfjxak7x3jqgh42ligrq,"Allow any-user to read secret-family in tenancy where ALL { request.principal.type = 'opsidatabaseinsight', target.vault.id = 'ocid1.vault.oc1.eu-frankfurt-1.entbphwqaaani.abtheljsv4fbm74h7vqasu7sge4v7gjmwwotyvf4ouic3lxflumttnvufw5q' }",ACTIVE,2025-06-16T11:05:37.251000+00:00
OracleAccessGovernance,ocid1.tenancy.oc1..aaaaaaaafvbrqwizb2l62d7o46h622ibhfp2at56cfjxak7x3jqgh42ligrq,allow group agcs_group to inspect all-resources in tenancy,ACTIVE,2025-01-14T15:59:40.380000+00:00
OracleAccessGovernance,ocid1.tenancy.oc1..aaaaaaaafvbrqwizb2l62d7o46h622ibhfp2at56cfjxak7x3jqgh42ligrq,"allow group agcs_group to manage policies in tenancy where all {request.permission in ('POLICY_UPDATE', 'POLICY_DELETE'), target.policy.name !='Tenant Admin Policy'}",ACTIVE,2025-01-14T15:59:40.380000+00:00
OracleAccessGovernance,ocid1.tenancy.oc1..aaaaaaaafvbrqwizb2l62d7o46h622ibhfp2at56cfjxak7x3jqgh42ligrq,allow group agcs_group to manage domains in tenancy,ACTIVE,2025-01-14T15:59:40.380000+00:00
OracleAccessGovernance,ocid1.tenancy.oc1..aaaaaaaafvbrqwizb2l62d7o46h622ibhfp2at56cfjxak7x3jqgh42ligrq,allow group agcs_group to read audit-events in tenancy,ACTIVE,2025-01-14T15:59:40.380000+00:00
OracleAccessGovernance,ocid1.tenancy.oc1..aaaaaaaafvbrqwizb2l62d7o46h622ibhfp2at56cfjxak7x3jqgh42ligrq,allow group agcs_group to read objectstorage-namespace in tenancy,ACTIVE,2025-01-14T15:59:40.380000+00:00
osmh-policies,ocid1.tenancy.oc1..aaaaaaaafvbrqwizb2l62d7o46h622ibhfp2at56cfjxak7x3jqgh42ligrq,ALLOW GROUP 'Default'/'osmh-admins' TO READ tag-namespaces IN TENANCY,ACTIVE,2025-04-02T13:40:07.993000+00:00
osmh-policies,ocid1.tenancy.oc1..aaaaaaaafvbrqwizb2l62d7o46h622ibhfp2at56cfjxak7x3jqgh42ligrq,ALLOW GROUP 'Default'/'osmh-admins' TO MANAGE tag-defaults in TENANCY,ACTIVE,2025-04-02T13:40:07.993000+00:00
osmh-policies,ocid1.tenancy.oc1..aaaaaaaafvbrqwizb2l62d7o46h622ibhfp2at56cfjxak7x3jqgh42ligrq,ALLOW GROUP 'Default'/'osmh-admins' TO MANAGE dbmgmt-family in TENANCY,ACTIVE,2025-04-02T13:40:07.993000+00:00
osmh-policies,ocid1.tenancy.oc1..aaaaaaaafvbrqwizb2l62d7o46h622ibhfp2at56cfjxak7x3jqgh42ligrq,ALLOW GROUP 'Default'/'osmh-admins' TO MANAGE management-dashboard-family in TENANCY,ACTIVE,2025-04-02T13:40:07.993000+00:00
osmh-policies,ocid1.tenancy.oc1..aaaaaaaafvbrqwizb2l62d7o46h622ibhfp2at56cfjxak7x3jqgh42ligrq,ALLOW any-user TO USE metrics IN TENANCY where request.principal.type = 'stackmonitoringrp',ACTIVE,2025-04-02T13:40:07.993000+00:00
osmh-policies,ocid1.tenancy.oc1..aaaaaaaafvbrqwizb2l62d7o46h622ibhfp2at56cfjxak7x3jqgh42ligrq,ALLOW GROUP 'Default'/'Administrators' TO READ tag-namespaces IN TENANCY,ACTIVE,2025-04-02T13:40:07.993000+00:00
osmh-policies,ocid1.tenancy.oc1..aaaaaaaafvbrqwizb2l62d7o46h622ibhfp2at56cfjxak7x3jqgh42ligrq,ALLOW GROUP 'Default'/'Administrators' TO MANAGE tag-defaults in TENANCY,ACTIVE,2025-04-02T13:40:07.993000+00:00
osmh-policies,ocid1.tenancy.oc1..aaaaaaaafvbrqwizb2l62d7o46h622ibhfp2at56cfjxak7x3jqgh42ligrq,ALLOW GROUP 'Default'/'Administrators' TO MANAGE dbmgmt-family in TENANCY,ACTIVE,2025-04-02T13:40:07.993000+00:00
osmh-policies,ocid1.tenancy.oc1..aaaaaaaafvbrqwizb2l62d7o46h622ibhfp2at56cfjxak7x3jqgh42ligrq,ALLOW GROUP 'Default'/'Administrators' TO MANAGE management-dashboard-family in TENANCY,ACTIVE,2025-04-02T13:40:07.993000+00:00
osmh-policies,ocid1.tenancy.oc1..aaaaaaaafvbrqwizb2l62d7o46h622ibhfp2at56cfjxak7x3jqgh42ligrq,Allow group Administrators to inspect alarms in tenancy,ACTIVE,2025-04-02T13:40:07.993000+00:00
Tenancy-Limits,ocid1.tenancy.oc1..aaaaaaaafvbrqwizb2l62d7o46h622ibhfp2at56cfjxak7x3jqgh42ligrq,define tenancy boat as ocid1.tenancy.oc1..aaaaaaaagkbzgg6lpzrf47xzy4rjoxg4de6ncfiq2rncmjiujvy2hjgxvziq,ACTIVE,2025-03-27T07:34:30.138000+00:00
Tenancy-Limits,ocid1.tenancy.oc1..aaaaaaaafvbrqwizb2l62d7o46h622ibhfp2at56cfjxak7x3jqgh42ligrq,define group limits-requestors-sales as ocid1.group.oc1..aaaaaaaam4vnq7reikjykjmeawyapcogfgj5vqqujvnrfumwmgjh35tgsina,ACTIVE,2025-03-27T07:34:30.138000+00:00
Tenancy-Limits,ocid1.tenancy.oc1..aaaaaaaafvbrqwizb2l62d7o46h622ibhfp2at56cfjxak7x3jqgh42ligrq,admit group limits-requestors-sales of tenancy boat to { LIMITS_INCREASE_MANAGE } in tenancy,ACTIVE,2025-03-27T07:34:30.138000+00:00
Tenant Admin Policy,ocid1.tenancy.oc1..aaaaaaaafvbrqwizb2l62d7o46h622ibhfp2at56cfjxak7x3jqgh42ligrq,ALLOW GROUP Administrators to manage all-resources IN TENANCY,ACTIVE,2023-01-04T09:09:32.421000+00:00
